Product_ID,Product_Name,Category,Uploaded_Price,Stock_Level,SKU_Code,Merchant_ID,Date_Added,CRM_category,CRM_Price,Category_Mismatch_Flag,Price_mismatch_flag,Requires_review
MP-PROD-2000,Item 0,Electronics,72426,219,00241148,M-ID-6791,5/10/2026,Electronics,72926,0,1,1
MP-PROD-2008,Item 8,Electronics,61589,199,00293060,M-ID-9931,4/20/2026,Electronics,62089,0,1,1
MP-PROD-2011,Item 11,Apparel,66435,207,00937657,M-ID-6791,3/18/2026,Apparel,66935,0,1,1
MP-PROD-2014,Item 14,Groceries,7675,445,00124975,M-ID-6828,3/23/2026,Pharmacy,7675,1,0,1
MP-PROD-2016,Item 16,Drinks,73512,445,00998210,M-ID-5912,2/27/2026,Drinks,74012,0,1,1
MP-PROD-2031,Item 31,Pharmacy,15704,342,00461989,M-ID-5260,7/23/2026,Pharmacy,14204,0,1,1
MP-PROD-2033,Item 33,Groceries,45973,414,00913529,M-ID-7006,4/16/2026,Apparel,45973,1,0,1
MP-PROD-2054,Item 54,Drinks,7078,6,00359759,M-ID-6828,5/15/2026,Drinks,7278,0,1,1
MP-PROD-2063,Item 63,Electronics,30519,17,00702094,M-ID-5839,7/20/2026,Electronics,30719,0,1,1
MP-PROD-2073,Item 73,Drinks,56225,285,00884224,M-ID-5912,5/19/2026,Drinks,54725,0,1,1
MP-PROD-2086,Item 86,Provisions,32858,145,00471239,M-ID-7253,5/17/2026,Apparel,32858,1,0,1
MP-PROD-2112,Item 112,Groceries,30802,186,00846587,M-ID-5712,6/18/2026,Groceries,29302,0,1,1
MP-PROD-2114,Item 114,Groceries,54771,255,00592144,M-ID-9467,8/25/2026,Electronics,54771,1,0,1
MP-PROD-2128,Item 128,Provisions,30581,402,00557957,M-ID-5244,8/24/2026,Provisions,31081,0,1,1
MP-PROD-2130,Item 130,Electronics,30159,140,00702509,M-ID-7253,3/17/2026,Electronics,29159,0,1,1
MP-PROD-2137,Item 137,Provisions,73776,257,00469023,M-ID-7253,1/23/2026,Provisions,72276,0,1,1
MP-PROD-2142,Item 142,Drinks,15010,444,00178637,M-ID-8456,7/25/2026,Drinks,15210,0,1,1
MP-PROD-2147,Item 147,Provisions,19672,479,00312020,M-ID-6791,,Provisions,18672,0,1,1
MP-PROD-2148,Item 148,Electronics,32865,368,00176071,M-ID-9837,9/10/2026,Pharmacy,32865,1,0,1
MP-PROD-2154,Item 154,Provisions,40632,433,00625448,M-ID-5217,8/14/2026,Drinks,40632,1,0,1
MP-PROD-2157,Item 157,Apparel,33613,443,00823217,M-ID-5767,,Groceries,32113,1,1,1
MP-PROD-2177,Item 177,Apparel,14035,467,00667937,M-ID-5204,5/24/2026,Apparel,14235,0,1,1
MP-PROD-2178,Item 178,Electronics,49323,379,00147795,M-ID-7253,5/20/2026,Pharmacy,49323,1,0,1
MP-PROD-2179,Item 179,Groceries,55960,94,00220548,M-ID-6828,9/21/2026,Apparel,55960,1,0,1
MP-PROD-2185,Item 185,Provisions,4780,322,00937187,M-ID-9931,,Groceries,4780,1,0,1
MP-PROD-2192,Item 192,Provisions,50012,36,00427479,M-ID-5712,4/13/2026,Provisions,48512,0,1,1
MP-PROD-2216,Item 216,Drinks,43499,476,00366331,M-ID-5260,1/15/2026,Drinks,41999,0,1,1
MP-PROD-2240,Item 240,Pharmacy,8456,193,00882097,M-ID-9837,2/12/2026,Pharmacy,8956,0,1,1
MP-PROD-2241,Item 241,Electronics,67962,201,00495188,M-ID-5217,9/11/2026,Provisions,67962,1,0,1
MP-PROD-2243,Item 243,Apparel,60550,57,00860360,M-ID-8456,2/26/2026,Pharmacy,60550,1,0,1
MP-PROD-2263,Item 263,Apparel,60630,457,00376566,M-ID-5912,,Electronics,60630,1,0,1
MP-PROD-2267,Item 267,Provisions,2188,468,00093074,M-ID-5912,5/16/2026,Groceries,2188,1,0,1
MP-PROD-2281,Item 281,Drinks,26548,151,00384314,M-ID-5204,6/18/2026,Pharmacy,26548,1,0,1
MP-PROD-2288,Item 288,Apparel,8518,43,00713787,M-ID-5244,6/26/2026,Apparel,9018,0,1,1
MP-PROD-2295,Item 295,Apparel,59493,114,00651599,M-ID-9837,8/16/2026,Apparel,59993,0,1,1
MP-PROD-2301,Item 301,Electronics,12600,38,00334314,M-ID-5244,8/26/2026,Electronics,12800,0,1,1
MP-PROD-2325,Item 325,Provisions,60028,396,00586566,M-ID-5712,2/14/2026,Provisions,60528,0,1,1
MP-PROD-2351,Item 351,Groceries,43596,151,00687273,M-ID-5204,2/28/2026,Drinks,43596,1,0,1
MP-PROD-2367,Item 367,Apparel,12030,274,00478449,M-ID-9139,6/12/2026,Apparel,12230,0,1,1
MP-PROD-2368,Item 368,Provisions,17207,36,00879032,M-ID-9931,9/16/2026,Provisions,16207,0,1,1
MP-PROD-2378,Item 378,Apparel,52818,275,00143533,M-ID-9467,1/10/2026,Provisions,53018,1,1,1
MP-PROD-2390,Item 390,Groceries,8552,292,00442723,M-ID-5767,9/26/2026,Groceries,9052,0,1,1
MP-PROD-2391,Item 391,Electronics,53410,129,00277382,M-ID-5839,,Electronics,52410,0,1,1
MP-PROD-2392,Item 392,Drinks,50137,52,00571654,M-ID-5839,1/18/2026,Groceries,50137,1,0,1
MP-PROD-2393,Item 393,Groceries,8183,452,00086319,M-ID-5839,9/16/2026,Groceries,6683,0,1,1
MP-PROD-2403,Item 403,Electronics,49160,91,00156757,M-ID-9931,8/15/2026,Electronics,47660,0,1,1
MP-PROD-2413,Item 413,Pharmacy,54420,199,00405490,M-ID-9931,8/11/2026,Pharmacy,54620,0,1,1
MP-PROD-2415,Item 415,Apparel,44720,294,00909636,M-ID-7006,9/11/2026,Apparel,44920,0,1,1
MP-PROD-2422,Item 422,Groceries,14303,228,00253420,M-ID-7253,,Pharmacy,14303,1,0,1
MP-PROD-2427,Item 427,Apparel,54068,167,00388221,M-ID-7006,2/10/2026,Apparel,52568,0,1,1
MP-PROD-2442,Item 442,Provisions,24883,354,00814905,M-ID-9931,1/24/2026,Provisions,25083,0,1,1
MP-PROD-2445,Item 445,Apparel,23203,371,00453681,M-ID-5244,2/24/2026,Apparel,21703,0,1,1
MP-PROD-2447,Item 447,Provisions,7818,409,00386993,M-ID-9931,2/13/2026,Provisions,6318,0,1,1
MP-PROD-2450,Item 450,Provisions,14424,137,00242785,M-ID-9139,9/27/2026,Pharmacy,14424,1,0,1
MP-PROD-2457,Item 457,Groceries,15834,351,00848913,M-ID-6143,4/26/2026,Apparel,15834,1,0,1
MP-PROD-2486,Item 486,Groceries,44198,302,00012593,M-ID-7253,8/21/2026,Groceries,44398,0,1,1
MP-PROD-2496,Item 496,Apparel,46532,423,00136451,M-ID-5767,3/25/2026,Pharmacy,46532,1,0,1
MP-PROD-2498,Item 498,Drinks,42223,75,00411312,M-ID-6828,3/12/2026,Drinks,40723,0,1,1
MP-PROD-2507,Item 507,Groceries,48829,483,00341845,M-ID-6828,7/28/2026,Pharmacy,48829,1,0,1
MP-PROD-2522,Item 522,Apparel,67992,6,00056177,M-ID-5912,4/11/2026,Apparel,68192,0,1,1
MP-PROD-2540,Item 540,Drinks,17325,279,00385691,M-ID-5839,,Groceries,17325,1,0,1
MP-PROD-2558,Item 558,Drinks,8679,419,00504596,M-ID-9139,6/28/2026,Drinks,9179,0,1,1
MP-PROD-2562,Item 562,Pharmacy,48595,490,00605225,M-ID-5217,3/28/2026,Pharmacy,47595,0,1,1
MP-PROD-2568,Item 568,Drinks,53151,305,00115939,M-ID-8456,5/20/2026,Drinks,53351,0,1,1
MP-PROD-2573,Item 573,Pharmacy,67535,77,00357255,M-ID-7253,4/21/2026,Pharmacy,66535,0,1,1
MP-PROD-2596,Item 596,Provisions,21826,66,00803969,M-ID-6791,3/15/2026,Provisions,20826,0,1,1
MP-PROD-2604,Item 604,Electronics,38599,211,00160840,M-ID-9597,7/11/2026,Electronics,37599,0,1,1
MP-PROD-2605,Item 605,Provisions,44949,358,00259119,M-ID-5204,8/18/2026,Groceries,44949,1,0,1
MP-PROD-2609,Item 609,Apparel,29207,472,00873994,M-ID-5767,8/26/2026,Groceries,29207,1,0,1
MP-PROD-2618,Item 618,Pharmacy,31005,351,00226773,M-ID-5712,7/26/2026,Apparel,31005,1,0,1
MP-PROD-2626,Item 626,Provisions,33996,465,00069532,M-ID-9597,7/20/2026,Provisions,32996,0,1,1
MP-PROD-2640,Item 640,Provisions,22066,255,00833353,M-ID-7253,3/23/2026,Provisions,22266,0,1,1
MP-PROD-2663,Item 663,Pharmacy,7314,9,00903385,M-ID-6828,3/20/2026,Pharmacy,7514,0,1,1
MP-PROD-2673,Item 673,Apparel,35081,251,00372544,M-ID-5244,3/27/2026,Apparel,34081,0,1,1
MP-PROD-2674,Item 674,Drinks,8652,10,00684652,M-ID-6143,9/25/2026,Provisions,8652,1,0,1
MP-PROD-2676,Item 676,Provisions,37958,30,00541553,M-ID-9467,9/22/2026,Drinks,37958,1,0,1
MP-PROD-2678,Item 678,Groceries,59598,166,00134473,M-ID-6905,1/13/2026,Groceries,60098,0,1,1
MP-PROD-2686,Item 686,Pharmacy,53997,115,00489247,M-ID-5839,6/13/2026,Pharmacy,52997,0,1,1
MP-PROD-2717,Item 717,Groceries,68911,416,00543447,M-ID-6791,8/11/2026,Drinks,68911,1,0,1
MP-PROD-2719,Item 719,Provisions,70888,8,00667386,M-ID-7253,4/16/2026,Provisions,71388,0,1,1
MP-PROD-2720,Item 720,Apparel,56901,432,00118975,M-ID-5839,9/23/2026,Apparel,57101,0,1,1
MP-PROD-2728,Item 728,Groceries,5039,247,00173917,M-ID-9931,4/14/2026,Groceries,5539,0,1,1
MP-PROD-2738,Item 738,Groceries,44036,320,00701454,M-ID-9837,3/28/2026,Groceries,44536,0,1,1
MP-PROD-2756,Item 756,Provisions,47755,423,00919869,M-ID-5260,8/25/2026,Groceries,47755,1,0,1
MP-PROD-2759,Item 759,Pharmacy,22125,190,00641264,M-ID-7006,4/23/2026,Electronics,22125,1,0,1
MP-PROD-2770,Item 770,Drinks,6616,454,00831945,M-ID-9931,9/13/2026,Groceries,6616,1,0,1
MP-PROD-2788,Item 788,Electronics,27938,440,00698793,M-ID-9139,5/16/2026,Pharmacy,27938,1,0,1
MP-PROD-2801,Item 801,Provisions,53788,349,00795161,M-ID-8456,2/27/2026,Pharmacy,53788,1,0,1
MP-PROD-2818,Item 818,Pharmacy,40826,133,00599444,M-ID-5217,1/22/2026,Groceries,40826,1,0,1
MP-PROD-2827,Item 827,Electronics,59813,404,00914718,M-ID-5260,9/24/2026,Drinks,59813,1,0,1
MP-PROD-2840,Item 840,Provisions,20865,181,00310692,M-ID-6905,9/10/2026,Provisions,19365,0,1,1
MP-PROD-2841,Item 841,Groceries,65978,489,00802170,M-ID-6905,5/10/2026,Apparel,65978,1,0,1
MP-PROD-2857,Item 857,Drinks,52503,353,00337270,M-ID-8456,3/11/2026,Groceries,52503,1,0,1
MP-PROD-2860,Item 860,Apparel,57906,171,00025799,M-ID-6143,5/28/2026,Apparel,58406,0,1,1
MP-PROD-2863,Item 863,Electronics,23669,260,00105841,M-ID-9597,6/11/2026,Electronics,22169,0,1,1
MP-PROD-2867,Item 867,Groceries,58644,291,00319030,M-ID-9931,8/16/2026,Groceries,58844,0,1,1
MP-PROD-2872,Item 872,Drinks,9602,342,00575136,M-ID-5244,4/26/2026,Drinks,9802,0,1,1
MP-PROD-2878,Item 878,Drinks,65909,480,00942988,M-ID-7253,8/11/2026,Electronics,65909,1,0,1
MP-PROD-2881,Item 881,Electronics,69089,54,00116142,M-ID-9467,9/22/2026,Electronics,69589,0,1,1
MP-PROD-2882,Item 882,Provisions,26812,274,00698784,M-ID-9467,3/27/2026,Electronics,26812,1,0,1
MP-PROD-2886,Item 886,Drinks,42607,286,00350424,M-ID-5260,7/23/2026,Drinks,42807,0,1,1
MP-PROD-2893,Item 893,Electronics,36032,192,00942839,M-ID-5217,4/17/2026,Electronics,36232,0,1,1
MP-PROD-2906,Item 906,Drinks,14743,62,00714378,M-ID-5767,7/21/2026,Drinks,13243,0,1,1
MP-PROD-2922,Item 922,Groceries,6862,488,00591896,M-ID-5712,4/14/2026,Groceries,5362,0,1,1
MP-PROD-2931,Item 931,Drinks,18741,99,00037470,M-ID-9597,5/28/2026,Pharmacy,18741,1,0,1
MP-PROD-2946,Item 946,Groceries,45396,235,00036122,M-ID-6143,8/28/2026,Groceries,43896,0,1,1
MP-PROD-2956,Item 956,Groceries,63852,237,00440074,M-ID-6791,2/10/2026,Electronics,63852,1,0,1
MP-PROD-2990,Item 990,Pharmacy,29004,169,00220297,M-ID-5839,5/18/2026,Drinks,29004,1,0,1
MP-PROD-2991,Item 991,Provisions,44331,400,00472543,M-ID-7006,5/14/2026,Provisions,43331,0,1,1
