Product_ID,Product_Name,Category,Uploaded_Price,Stock_Level,SKU_Code,Merchant_ID,Date_Added
MP-PROD-2000,  Item 0  ,Electronics,"â‚¦72,426",219,241148,M-ID-6791,10/05/2026
MP-PROD-2001,  Item 1  ,Electronics,"56,892",179,301369,M-ID-6828,20/04/2026
MP-PROD-2002,  Item 2  ,pharmacy,"13,656",199,111414,M-ID-5260,2026-06-18
MP-PROD-2003,  Item 3  ,Pharmacy,"61,717",279,140889,M-ID-5244,2026-02-27
MP-PROD-2004,  Item 4  ,drinks,"48,900",300,211629,M-ID-7253,2026-01-17
MP-PROD-2005,  Item 5  ,Drinks,"11,958",442,254098,M-ID-7006,2026-07-18
MP-PROD-2006,  Item 6  ,GROCERIES,"49,319",88,398162,M-ID-5260,2026-04-18
MP-PROD-2007,  Item 7  ,apparel,"10,858",316,675822,M-ID-6143,2026-09-17
MP-PROD-2008,  Item 8  ,electronics,"61,589",199,293060,M-ID-9931,2026-04-20
MP-PROD-2009,  Item 9  ,Pharmacy,"31,521",425,43659,M-ID-8456,2026-07-18
MP-PROD-2010,  Item 10  ,PHARMACY,"29,153",472,998712,M-ID-5217,2026-06-16
MP-PROD-2011,  Item 11  ,apparel,"66,435",207,937657,M-ID-6791,2026-03-18
MP-PROD-2012,  Item 12  ,electronics,"33,825",386,598637,M-ID-9931,2026-05-28
MP-PROD-2013,  Item 13  ,Groceries,"53,850",190,239974,M-ID-6828,2026-09-25
MP-PROD-2014,  Item 14  ,Groceries,"7,675",445,124975,M-ID-6828,2026-03-23
MP-PROD-2015,  Item 15  ,Provisions,"9,826",202,410156,M-ID-9597,2026-08-26
MP-PROD-2016,  Item 16  ,Drinks,"73,512",445,998210,M-ID-5912,2026-02-27
MP-PROD-2017,  Item 17  ,drinks,"46,087",62,317757,M-ID-5767,2026-03-24
MP-PROD-2018,  Item 18  ,PHARMACY,"36,022",261,808975,M-ID-6143,2026-09-13
MP-PROD-2019,  Item 19  ,Apparel,"40,617",435,679987,M-ID-9139,14/04/2026
MP-PROD-2020,  Item 20  ,Drinks,"22,674",281,826449,M-ID-9139,2026-01-20
MP-PROD-2021,  Item 21  ,Groceries,"4,052",62,984230,M-ID-5260,2026-05-17
MP-PROD-2022,  Item 22  ,Pharmacy,"33,071",454,604916,M-ID-7253,2026-02-25
MP-PROD-2023,  Item 23  ,Pharmacy,"71,322",397,141869,M-ID-6828,2026-08-27
MP-PROD-2024,  Item 24  ,Electronics,"36,241",275,924812,M-ID-9597,2026-07-16
MP-PROD-2025,  Item 25  ,Provisions,"27,865",370,336858,M-ID-5244,2026-06-24
MP-PROD-2026,  Item 26  ,Provisions,"60,677",66,269947,M-ID-9467,2026-02-20
MP-PROD-2027,  Item 27  ,pharmacy,"74,103",122,627024,M-ID-9467,N/A
MP-PROD-2028,  Item 28  ,apparel,"9,216",122,80674,M-ID-5204,2026-06-12
MP-PROD-2029,  Item 29  ,Provisions,"32,695",147,711474,M-ID-6905,2026-04-27
MP-PROD-2030,  Item 30  ,ELECTRONICS,"â‚¦63,453",129,832733,M-ID-6905,16/07/2026
MP-PROD-2031,  Item 31  ,Pharmacy,"15,704",342,461989,M-ID-5260,2026-07-23
MP-PROD-2032,  Item 32  ,Groceries,"8,600",349,695197,M-ID-7006,2026-01-22
MP-PROD-2033,  Item 33  ,Groceries,"45,973",414,913529,M-ID-7006,2026-04-16
MP-PROD-2034,  Item 34  ,Electronics,"71,792",234,156991,M-ID-5767,2026-03-18
MP-PROD-2035,  Item 35  ,groceries,"34,242",452,978114,M-ID-7253,2026-08-27
MP-PROD-2036,  Item 36  ,PHARMACY,"8,130",338,576847,M-ID-5912,2026-02-17
MP-PROD-2037,  Item 37  ,Electronics,"54,769",253,514740,M-ID-5839,2026-07-11
MP-PROD-2038,  Item 38  ,Electronics,"51,172",6,419386,M-ID-5712,2026-08-19
MP-PROD-2039,  Item 39  ,GROCERIES,"74,345",343,763305,M-ID-6905,2026-03-16
MP-PROD-2040,  Item 40  ,drinks,"30,034",500,71324,M-ID-5217,2026-09-11
MP-PROD-2041,  Item 41  ,Apparel,"42,604",34,62578,M-ID-5217,2026-08-26
MP-PROD-2042,  Item 42  ,Provisions,"22,135",34,542496,M-ID-7253,2026-03-12
MP-PROD-2043,  Item 43  ,provisions,"10,407",350,913682,M-ID-9467,13/07/2026
MP-PROD-2044,  Item 44  ,Provisions,"33,771",301,633398,M-ID-5204,2026-02-23
MP-PROD-2045,  Item 45  ,Apparel,"70,022",166,990110,M-ID-5712,2026-04-20
MP-PROD-2046,  Item 46  ,Electronics,"36,314",207,147235,M-ID-9837,2026-08-20
MP-PROD-2047,  Item 47  ,Pharmacy,"2,720",239,661332,M-ID-5217,12/02/2026
MP-PROD-2048,  Item 48  ,Provisions,"29,438",264,288082,M-ID-6828,2026-06-12
MP-PROD-2049,  Item 49  ,Electronics,"49,934",150,175409,M-ID-6791,2026-09-19
MP-PROD-2050,  Item 50  ,Provisions,"70,829",9,710305,M-ID-9931,2026-05-13
MP-PROD-2051,  Item 51  ,ELECTRONICS,"36,164",64,942931,M-ID-7006,2026-09-14
MP-PROD-2052,  Item 52  ,Drinks,"38,430",314,230861,M-ID-8456,2026-04-18
MP-PROD-2053,  Item 53  ,Provisions,"65,532",133,959314,M-ID-5204,2026-02-23
MP-PROD-2054,  Item 54  ,Drinks,"7,078",6,359759,M-ID-6828,15/05/2026
MP-PROD-2055,  Item 55  ,Apparel,"59,412",287,749945,M-ID-5767,2026-09-10
MP-PROD-2056,  Item 56  ,Pharmacy,"11,362",488,936004,M-ID-6828,2026-09-11
MP-PROD-2057,  Item 57  ,drinks,"73,920",80,460664,M-ID-6828,2026-01-19
MP-PROD-2058,  Item 58  ,Drinks,"6,729",465,385190,M-ID-5839,2026-04-13
MP-PROD-2059,  Item 59  ,drinks,"74,885",457,927202,M-ID-5767,N/A
MP-PROD-2060,  Item 60  ,Electronics,"24,706",456,442322,M-ID-5912,N/A
MP-PROD-2061,  Item 61  ,GROCERIES,"34,027",141,176931,M-ID-7006,2026-07-11
MP-PROD-2062,  Item 62  ,groceries,"â‚¦30,654",107,866253,M-ID-6791,2026-06-19
MP-PROD-2063,  Item 63  ,ELECTRONICS,"30,519",17,702094,M-ID-5839,2026-07-20
MP-PROD-2064,  Item 64  ,Drinks,"10,599",500,820891,M-ID-5712,26/06/2026
MP-PROD-2065,  Item 65  ,Groceries,"71,782",174,994861,M-ID-5912,18/02/2026
MP-PROD-2066,  Item 66  ,electronics,"â‚¦36,295",24,123668,M-ID-9597,2026-07-21
MP-PROD-2067,  Item 67  ,Apparel,"â‚¦42,614",228,645656,M-ID-9139,2026-02-22
MP-PROD-2068,  Item 68  ,provisions,"26,414",135,56542,M-ID-5767,2026-01-26
MP-PROD-2069,  Item 69  ,provisions,"27,325",191,462248,M-ID-7253,2026-06-20
MP-PROD-2070,  Item 70  ,Apparel,"17,834",373,953767,M-ID-9837,19/09/2026
MP-PROD-2071,  Item 71  ,APPAREL,"â‚¦55,028",172,431947,M-ID-9837,2026-09-14
MP-PROD-2072,  Item 72  ,Electronics,"â‚¦56,608",345,996042,M-ID-5244,2026-03-28
MP-PROD-2073,  Item 73  ,Drinks,"56,225",285,884224,M-ID-5912,2026-05-19
MP-PROD-2074,  Item 74  ,Electronics,"57,846",407,618158,M-ID-9597,24/06/2026
MP-PROD-2075,  Item 75  ,groceries,"59,454",350,234082,M-ID-9139,2026-08-15
MP-PROD-2076,  Item 76  ,apparel,"12,614",150,550490,M-ID-9597,2026-06-12
MP-PROD-2077,  Item 77  ,ELECTRONICS,"42,187",120,855742,M-ID-5839,2026-03-10
MP-PROD-2078,  Item 78  ,pharmacy,"33,592",248,650967,M-ID-7253,2026-08-23
MP-PROD-2079,  Item 79  ,Apparel,"â‚¦26,985",372,740180,M-ID-5244,2026-08-22
MP-PROD-2080,  Item 80  ,Electronics,"20,842",340,731024,M-ID-5912,2026-02-23
MP-PROD-2081,  Item 81  ,ELECTRONICS,"24,553",416,739716,M-ID-9139,2026-08-11
MP-PROD-2082,  Item 82  ,Provisions,"34,162",474,899545,M-ID-7006,2026-08-14
MP-PROD-2083,  Item 83  ,groceries,"71,116",291,634377,M-ID-8456,2026-08-26
MP-PROD-2084,  Item 84  ,groceries,"73,310",233,950790,M-ID-6143,2026-08-24
MP-PROD-2085,  Item 85  ,Drinks,"33,906",435,678636,M-ID-5712,2026-09-25
MP-PROD-2086,  Item 86  ,Provisions,"32,858",145,471239,M-ID-7253,2026-05-17
MP-PROD-2087,  Item 87  ,DRINKS,"45,520",168,946406,M-ID-9931,2026-02-14
MP-PROD-2088,  Item 88  ,ELECTRONICS,"31,811",201,737659,M-ID-6828,12/04/2026
MP-PROD-2089,  Item 89  ,groceries,"54,924",174,578969,M-ID-6791,2026-07-11
MP-PROD-2090,  Item 90  ,electronics,"56,569",204,958791,M-ID-5217,2026-01-28
MP-PROD-2091,  Item 91  ,Groceries,"â‚¦64,018",8,998536,M-ID-5260,N/A
MP-PROD-2092,  Item 92  ,GROCERIES,"â‚¦72,045",387,780319,M-ID-9931,2026-04-25
MP-PROD-2093,  Item 93  ,Electronics,"37,274",228,519232,M-ID-5912,N/A
MP-PROD-2094,  Item 94  ,apparel,"54,494",375,183061,M-ID-6791,2026-03-27
MP-PROD-2095,  Item 95  ,Pharmacy,"53,145",308,601807,M-ID-5912,2026-02-23
MP-PROD-2096,  Item 96  ,Electronics,"62,015",98,62727,M-ID-5712,20/07/2026
MP-PROD-2097,  Item 97  ,Electronics,"61,098",172,363894,M-ID-5244,2026-05-23
MP-PROD-2098,  Item 98  ,Drinks,"12,235",245,30324,M-ID-9931,2026-01-21
MP-PROD-2099,  Item 99  ,Electronics,"â‚¦10,493",404,693414,M-ID-5204,2026-01-17
MP-PROD-2100,  Item 100  ,ELECTRONICS,"4,171",323,169784,M-ID-9467,2026-03-25
MP-PROD-2101,  Item 101  ,Apparel,"16,493",293,238552,M-ID-6791,N/A
MP-PROD-2102,  Item 102  ,Electronics,"16,512",403,869099,M-ID-6143,2026-05-13
MP-PROD-2103,  Item 103  ,PROVISIONS,"4,865",480,337110,M-ID-5217,2026-07-22
MP-PROD-2104,  Item 104  ,apparel,"27,495",43,630859,M-ID-9467,2026-02-19
MP-PROD-2105,  Item 105  ,Apparel,"â‚¦17,366",412,603423,M-ID-5204,2026-06-27
MP-PROD-2106,  Item 106  ,Groceries,"50,071",40,540538,M-ID-8456,2026-01-23
MP-PROD-2107,  Item 107  ,GROCERIES,"15,333",226,389781,M-ID-6791,2026-03-23
MP-PROD-2108,  Item 108  ,electronics,"69,886",499,692054,M-ID-5712,2026-09-25
MP-PROD-2109,  Item 109  ,Groceries,"â‚¦58,591",427,776536,M-ID-5217,20/05/2026
MP-PROD-2110,  Item 110  ,ELECTRONICS,"12,859",147,934457,M-ID-6791,2026-04-24
MP-PROD-2111,  Item 111  ,PROVISIONS,"â‚¦51,174",177,40094,M-ID-6905,2026-06-15
MP-PROD-2112,  Item 112  ,groceries,"30,802",186,846587,M-ID-5712,2026-06-18
MP-PROD-2113,  Item 113  ,provisions,"37,711",289,20644,M-ID-9139,2026-04-12
MP-PROD-2114,  Item 114  ,Groceries,"54,771",255,592144,M-ID-9467,2026-08-25
MP-PROD-2115,  Item 115  ,Groceries,"â‚¦3,760",52,318528,M-ID-9467,2026-07-17
MP-PROD-2116,  Item 116  ,Drinks,"49,868",247,590358,M-ID-9139,2026-06-23
MP-PROD-2117,  Item 117  ,Apparel,"â‚¦73,640",174,378900,M-ID-6791,N/A
MP-PROD-2118,  Item 118  ,Drinks,"31,717",66,766321,M-ID-5839,2026-06-13
MP-PROD-2119,  Item 119  ,Apparel,"71,736",491,809213,M-ID-6143,2026-04-16
MP-PROD-2120,  Item 120  ,Apparel,"64,964",146,769782,M-ID-5217,2026-09-19
MP-PROD-2121,  Item 121  ,pharmacy,"26,943",156,248533,M-ID-5260,2026-03-19
MP-PROD-2122,  Item 122  ,pharmacy,"71,510",69,297636,M-ID-5204,2026-01-27
MP-PROD-2123,  Item 123  ,Drinks,"18,051",331,920647,M-ID-6905,2026-02-10
MP-PROD-2124,  Item 124  ,Provisions,"38,768",245,511968,M-ID-6791,15/06/2026
MP-PROD-2125,  Item 125  ,PHARMACY,"34,592",486,913582,M-ID-6905,2026-02-12
MP-PROD-2126,  Item 126  ,GROCERIES,"65,954",42,615050,M-ID-5204,2026-03-14
MP-PROD-2127,  Item 127  ,PROVISIONS,"41,324",48,270247,M-ID-7006,2026-09-23
MP-PROD-2128,  Item 128  ,Provisions,"30,581",402,557957,M-ID-5244,2026-08-24
MP-PROD-2129,  Item 129  ,Drinks,"57,707",161,606251,M-ID-9597,2026-01-13
MP-PROD-2130,  Item 130  ,Electronics,"â‚¦30,159",140,702509,M-ID-7253,17/03/2026
MP-PROD-2131,  Item 131  ,ELECTRONICS,"73,850",43,174136,M-ID-5912,2026-07-24
MP-PROD-2132,  Item 132  ,Apparel,"63,092",154,44225,M-ID-9467,19/05/2026
MP-PROD-2133,  Item 133  ,Apparel,"61,010",41,730775,M-ID-9467,2026-05-28
MP-PROD-2134,  Item 134  ,apparel,"27,428",222,130351,M-ID-9931,2026-04-14
MP-PROD-2135,  Item 135  ,DRINKS,"20,143",41,72535,M-ID-6143,28/05/2026
MP-PROD-2136,  Item 136  ,Drinks,"59,060",68,501465,M-ID-9837,2026-07-18
MP-PROD-2137,  Item 137  ,Provisions,"73,776",257,469023,M-ID-7253,2026-01-23
MP-PROD-2138,  Item 138  ,Apparel,"43,747",314,272529,M-ID-5912,2026-02-17
MP-PROD-2139,  Item 139  ,apparel,"4,219",396,714938,M-ID-5712,2026-01-15
MP-PROD-2140,  Item 140  ,Groceries,"69,521",338,473711,M-ID-5712,2026-03-28
MP-PROD-2141,  Item 141  ,groceries,"65,951",51,502841,M-ID-5260,2026-07-20
MP-PROD-2142,  Item 142  ,Drinks,"â‚¦15,010",444,178637,M-ID-8456,2026-07-25
MP-PROD-2143,  Item 143  ,drinks,"53,988",421,807441,M-ID-9931,2026-01-24
MP-PROD-2144,  Item 144  ,Pharmacy,"42,724",134,348977,M-ID-7006,2026-07-26
MP-PROD-2145,  Item 145  ,Pharmacy,"72,618",241,443321,M-ID-5204,N/A
MP-PROD-2146,  Item 146  ,drinks,"66,838",325,473513,M-ID-5204,2026-04-18
MP-PROD-2147,  Item 147  ,Provisions,"â‚¦19,672",479,312020,M-ID-6791,N/A
MP-PROD-2148,  Item 148  ,Electronics,"32,865",368,176071,M-ID-9837,2026-09-10
MP-PROD-2149,  Item 149  ,Provisions,"54,976",52,245615,M-ID-7006,2026-08-13
MP-PROD-2150,  Item 150  ,apparel,"â‚¦21,681",260,987957,M-ID-9837,2026-09-18
MP-PROD-2151,  Item 151  ,Groceries,"64,742",246,265570,M-ID-6791,2026-09-14
MP-PROD-2152,  Item 152  ,Groceries,"â‚¦26,483",476,638492,M-ID-9139,12/03/2026
MP-PROD-2153,  Item 153  ,Drinks,"55,887",179,989630,M-ID-9139,2026-05-10
MP-PROD-2154,  Item 154  ,Provisions,"40,632",433,625448,M-ID-5217,14/08/2026
MP-PROD-2155,  Item 155  ,GROCERIES,"72,092",252,371888,M-ID-8456,2026-09-27
MP-PROD-2156,  Item 156  ,Groceries,"61,182",482,347408,M-ID-5839,2026-04-28
MP-PROD-2157,  Item 157  ,Apparel,"33,613",443,823217,M-ID-5767,N/A
MP-PROD-2158,  Item 158  ,APPAREL,"63,493",366,967800,M-ID-5244,2026-07-14
MP-PROD-2159,  Item 159  ,Groceries,"6,352",69,536690,M-ID-5217,2026-06-13
MP-PROD-2160,  Item 160  ,Groceries,"14,569",274,964667,M-ID-6791,2026-01-14
MP-PROD-2161,  Item 161  ,groceries,"21,732",43,502296,M-ID-5712,2026-06-22
MP-PROD-2162,  Item 162  ,APPAREL,"â‚¦12,027",441,354525,M-ID-9931,2026-07-20
MP-PROD-2163,  Item 163  ,apparel,"65,456",451,577296,M-ID-5204,2026-02-17
MP-PROD-2164,  Item 164  ,Apparel,"39,167",121,793041,M-ID-7253,2026-07-13
MP-PROD-2165,  Item 165  ,apparel,"14,673",232,184446,M-ID-9837,2026-01-11
MP-PROD-2166,  Item 166  ,Drinks,"8,855",155,385876,M-ID-5260,2026-07-14
MP-PROD-2167,  Item 167  ,Electronics,"71,121",215,603418,M-ID-6143,2026-03-15
MP-PROD-2168,  Item 168  ,Pharmacy,"51,640",322,726318,M-ID-9467,2026-08-28
MP-PROD-2169,  Item 169  ,electronics,"31,933",241,678891,M-ID-5712,2026-08-18
MP-PROD-2170,  Item 170  ,Apparel,"2,731",465,853718,M-ID-6791,2026-05-27
MP-PROD-2171,  Item 171  ,electronics,"11,181",231,372351,M-ID-5217,2026-05-23
MP-PROD-2172,  Item 172  ,Apparel,"34,280",238,896365,M-ID-9837,N/A
MP-PROD-2173,  Item 173  ,Groceries,"15,479",126,409889,M-ID-5217,N/A
MP-PROD-2174,  Item 174  ,Drinks,"â‚¦40,196",16,880357,M-ID-5244,2026-05-10
MP-PROD-2175,  Item 175  ,Provisions,"7,928",471,645863,M-ID-6905,2026-05-17
MP-PROD-2176,  Item 176  ,Provisions,"47,679",117,677542,M-ID-5839,2026-05-14
MP-PROD-2177,  Item 177  ,Apparel,"â‚¦14,035",467,667937,M-ID-5204,24/05/2026
MP-PROD-2178,  Item 178  ,Electronics,"49,323",379,147795,M-ID-7253,2026-05-20
MP-PROD-2179,  Item 179  ,Groceries,"55,960",94,220548,M-ID-6828,2026-09-21
MP-PROD-2180,  Item 180  ,PROVISIONS,"â‚¦67,271",472,295765,M-ID-6143,2026-05-25
MP-PROD-2181,  Item 181  ,DRINKS,"45,896",416,130764,M-ID-6791,2026-02-14
MP-PROD-2182,  Item 182  ,ELECTRONICS,"53,589",500,896827,M-ID-9931,2026-06-12
MP-PROD-2183,  Item 183  ,Groceries,"3,324",140,572636,M-ID-7006,21/08/2026
MP-PROD-2184,  Item 184  ,apparel,"35,862",304,409534,M-ID-5260,17/02/2026
MP-PROD-2185,  Item 185  ,Provisions,"4,780",322,937187,M-ID-9931,N/A
MP-PROD-2186,  Item 186  ,Apparel,"9,785",330,873874,M-ID-6791,2026-05-23
MP-PROD-2187,  Item 187  ,Pharmacy,"â‚¦19,820",28,49019,M-ID-9837,N/A
MP-PROD-2188,  Item 188  ,Pharmacy,"32,275",459,573658,M-ID-6828,2026-07-24
MP-PROD-2189,  Item 189  ,DRINKS,"72,304",219,625870,M-ID-6828,2026-07-13
MP-PROD-2190,  Item 190  ,Groceries,"54,992",485,303328,M-ID-5204,2026-06-16
MP-PROD-2191,  Item 191  ,groceries,"59,787",491,257582,M-ID-5260,2026-02-21
MP-PROD-2192,  Item 192  ,Provisions,"50,012",36,427479,M-ID-5712,2026-04-13
MP-PROD-2193,  Item 193  ,groceries,"13,515",344,232409,M-ID-9597,2026-01-11
MP-PROD-2194,  Item 194  ,Drinks,"33,425",69,835206,M-ID-5217,2026-04-12
MP-PROD-2195,  Item 195  ,Provisions,"28,652",305,236441,M-ID-9467,2026-06-14
MP-PROD-2196,  Item 196  ,PROVISIONS,"1,871",146,910104,M-ID-6828,2026-03-27
MP-PROD-2197,  Item 197  ,Drinks,"24,371",61,703169,M-ID-5912,2026-03-10
MP-PROD-2198,  Item 198  ,Drinks,"32,686",306,349498,M-ID-5912,2026-03-18
MP-PROD-2199,  Item 199  ,Pharmacy,"18,114",384,451409,M-ID-9139,2026-02-12
MP-PROD-2200,  Item 200  ,Groceries,"â‚¦60,256",403,389625,M-ID-9139,2026-02-24
MP-PROD-2201,  Item 201  ,PROVISIONS,"30,538",489,654986,M-ID-5204,2026-09-19
MP-PROD-2202,  Item 202  ,Groceries,"5,582",36,512248,M-ID-5244,2026-07-13
MP-PROD-2203,  Item 203  ,groceries,"59,638",42,952949,M-ID-7253,2026-06-14
MP-PROD-2204,  Item 204  ,Pharmacy,"18,040",145,664644,M-ID-5217,2026-09-20
MP-PROD-2205,  Item 205  ,Groceries,"71,041",155,485755,M-ID-9139,2026-07-13
MP-PROD-2206,  Item 206  ,Apparel,"16,496",441,696516,M-ID-9931,2026-04-23
MP-PROD-2207,  Item 207  ,groceries,"31,449",216,365395,M-ID-6791,2026-07-23
MP-PROD-2208,  Item 208  ,Apparel,"13,963",165,457494,M-ID-8456,2026-05-21
MP-PROD-2209,  Item 209  ,electronics,"63,663",39,105656,M-ID-7253,2026-02-23
MP-PROD-2210,  Item 210  ,Pharmacy,"â‚¦50,343",420,146435,M-ID-9931,2026-01-28
MP-PROD-2211,  Item 211  ,PROVISIONS,"44,707",348,138168,M-ID-5767,2026-06-23
MP-PROD-2212,  Item 212  ,Apparel,"8,243",500,311601,M-ID-9597,2026-05-21
MP-PROD-2213,  Item 213  ,PHARMACY,"â‚¦68,007",113,172246,M-ID-6905,2026-04-13
MP-PROD-2214,  Item 214  ,DRINKS,"74,410",193,130465,M-ID-5712,2026-04-23
MP-PROD-2215,  Item 215  ,Provisions,"74,472",18,648577,M-ID-5712,2026-01-15
MP-PROD-2216,  Item 216  ,Drinks,"43,499",476,366331,M-ID-5260,2026-01-15
MP-PROD-2217,  Item 217  ,electronics,"54,031",40,158766,M-ID-5912,2026-02-26
MP-PROD-2218,  Item 218  ,Electronics,"50,808",219,485682,M-ID-8456,2026-03-21
MP-PROD-2219,  Item 219  ,Drinks,"44,017",402,997137,M-ID-5217,2026-02-11
MP-PROD-2220,  Item 220  ,Electronics,"22,132",391,657850,M-ID-5204,2026-02-18
MP-PROD-2221,  Item 221  ,Groceries,"57,076",253,646565,M-ID-6791,18/07/2026
MP-PROD-2222,  Item 222  ,Electronics,"â‚¦68,654",63,371939,M-ID-5767,19/02/2026
MP-PROD-2223,  Item 223  ,APPAREL,"65,283",274,709539,M-ID-9837,2026-01-17
MP-PROD-2224,  Item 224  ,Groceries,"8,680",8,224353,M-ID-9837,2026-04-14
MP-PROD-2225,  Item 225  ,DRINKS,"39,438",172,135812,M-ID-5912,2026-08-23
MP-PROD-2226,  Item 226  ,Electronics,"18,432",199,568453,M-ID-9467,2026-09-27
MP-PROD-2227,  Item 227  ,Apparel,"47,921",41,426359,M-ID-5204,2026-07-10
MP-PROD-2228,  Item 228  ,Groceries,"11,705",446,338267,M-ID-5217,2026-07-28
MP-PROD-2229,  Item 229  ,Groceries,"â‚¦56,247",153,130768,M-ID-5244,20/01/2026
MP-PROD-2230,  Item 230  ,ELECTRONICS,"61,805",430,733108,M-ID-5260,2026-02-23
MP-PROD-2231,  Item 231  ,Pharmacy,"33,391",228,627476,M-ID-5244,12/09/2026
MP-PROD-2232,  Item 232  ,groceries,"42,168",386,366005,M-ID-9467,2026-06-15
MP-PROD-2233,  Item 233  ,Pharmacy,"68,410",329,129565,M-ID-9139,2026-09-16
MP-PROD-2234,  Item 234  ,DRINKS,"47,519",377,868729,M-ID-6828,2026-04-13
MP-PROD-2235,  Item 235  ,Electronics,"35,050",106,191926,M-ID-9597,2026-03-12
MP-PROD-2236,  Item 236  ,Electronics,"66,264",242,801093,M-ID-5217,2026-08-28
MP-PROD-2237,  Item 237  ,Apparel,"â‚¦43,863",447,667685,M-ID-8456,2026-03-24
MP-PROD-2238,  Item 238  ,Pharmacy,"62,962",231,672055,M-ID-9837,2026-05-28
MP-PROD-2239,  Item 239  ,PHARMACY,"47,629",264,87794,M-ID-9837,2026-08-24
MP-PROD-2240,  Item 240  ,Pharmacy,"8,456",193,882097,M-ID-9837,2026-02-12
MP-PROD-2241,  Item 241  ,Electronics,"â‚¦67,962",201,495188,M-ID-5217,2026-09-11
MP-PROD-2242,  Item 242  ,Groceries,"26,172",169,644394,M-ID-6905,2026-09-14
MP-PROD-2243,  Item 243  ,Apparel,"60,550",57,860360,M-ID-8456,2026-02-26
MP-PROD-2244,  Item 244  ,apparel,"â‚¦24,117",25,269778,M-ID-6791,2026-08-26
MP-PROD-2245,  Item 245  ,Provisions,"22,307",191,400963,M-ID-9837,2026-07-23
MP-PROD-2246,  Item 246  ,Drinks,"8,363",409,671532,M-ID-8456,2026-02-20
MP-PROD-2247,  Item 247  ,Pharmacy,"74,633",352,415341,M-ID-9837,2026-05-14
MP-PROD-2248,  Item 248  ,Drinks,"12,182",303,705847,M-ID-6828,2026-06-19
MP-PROD-2249,  Item 249  ,Apparel,"â‚¦52,874",71,633945,M-ID-7253,2026-05-27
MP-PROD-2250,  Item 250  ,Groceries,"44,554",421,144001,M-ID-9139,2026-02-23
MP-PROD-2251,  Item 251  ,PROVISIONS,"48,925",14,390211,M-ID-9837,2026-03-16
MP-PROD-2252,  Item 252  ,DRINKS,"65,236",103,247547,M-ID-6828,2026-03-12
MP-PROD-2253,  Item 253  ,Drinks,"14,756",264,818320,M-ID-9931,11/09/2026
MP-PROD-2254,  Item 254  ,Apparel,"45,640",453,813531,M-ID-9597,2026-03-22
MP-PROD-2255,  Item 255  ,electronics,"22,766",97,881728,M-ID-9597,2026-03-24
MP-PROD-2256,  Item 256  ,Pharmacy,"55,352",191,719217,M-ID-9467,19/08/2026
MP-PROD-2257,  Item 257  ,apparel,"60,341",124,569951,M-ID-9467,2026-05-25
MP-PROD-2258,  Item 258  ,Electronics,"49,713",352,608128,M-ID-6791,2026-08-19
MP-PROD-2259,  Item 259  ,Groceries,"67,416",275,448997,M-ID-6143,14/04/2026
MP-PROD-2260,  Item 260  ,Drinks,"8,339",333,513935,M-ID-5260,2026-09-13
MP-PROD-2261,  Item 261  ,APPAREL,"69,121",440,140734,M-ID-9837,N/A
MP-PROD-2262,  Item 262  ,DRINKS,"60,393",468,548289,M-ID-6828,2026-07-12
MP-PROD-2263,  Item 263  ,Apparel,"60,630",457,376566,M-ID-5912,N/A
MP-PROD-2264,  Item 264  ,GROCERIES,"â‚¦67,299",196,257231,M-ID-5244,N/A
MP-PROD-2265,  Item 265  ,ELECTRONICS,"5,194",168,986041,M-ID-7006,2026-06-14
MP-PROD-2266,  Item 266  ,ELECTRONICS,"6,520",151,971959,M-ID-6905,2026-03-25
MP-PROD-2267,  Item 267  ,Provisions,"2,188",468,93074,M-ID-5912,2026-05-16
MP-PROD-2268,  Item 268  ,Electronics,"73,432",486,772560,M-ID-9597,23/09/2026
MP-PROD-2269,  Item 269  ,Pharmacy,"39,262",126,325779,M-ID-7006,17/01/2026
MP-PROD-2270,  Item 270  ,groceries,"61,414",37,126242,M-ID-6905,2026-09-10
MP-PROD-2271,  Item 271  ,Apparel,"69,051",299,263690,M-ID-6828,2026-05-23
MP-PROD-2272,  Item 272  ,Pharmacy,"47,744",128,608384,M-ID-5767,2026-03-12
MP-PROD-2273,  Item 273  ,provisions,"48,765",39,561613,M-ID-9931,26/09/2026
MP-PROD-2274,  Item 274  ,Provisions,"4,165",204,925754,M-ID-6905,2026-01-22
MP-PROD-2275,  Item 275  ,drinks,"34,746",387,27031,M-ID-5260,2026-02-21
MP-PROD-2276,  Item 276  ,Electronics,"15,087",400,620169,M-ID-8456,2026-03-11
MP-PROD-2277,  Item 277  ,Drinks,"73,067",178,863025,M-ID-6143,2026-08-25
MP-PROD-2278,  Item 278  ,Apparel,"25,391",420,151403,M-ID-7253,2026-08-11
MP-PROD-2279,  Item 279  ,Drinks,"27,922",27,839538,M-ID-5839,2026-01-20
MP-PROD-2280,  Item 280  ,DRINKS,"69,052",208,865015,M-ID-9931,2026-08-18
MP-PROD-2281,  Item 281  ,Drinks,"26,548",151,384314,M-ID-5204,2026-06-18
MP-PROD-2282,  Item 282  ,Pharmacy,"49,737",228,942694,M-ID-5244,2026-08-22
MP-PROD-2283,  Item 283  ,Drinks,"25,986",259,735686,M-ID-6905,2026-06-26
MP-PROD-2284,  Item 284  ,Drinks,"12,328",377,455120,M-ID-7253,2026-07-15
MP-PROD-2285,  Item 285  ,provisions,"40,004",169,117581,M-ID-7253,2026-06-19
MP-PROD-2286,  Item 286  ,Drinks,"59,947",313,762524,M-ID-5767,2026-03-24
MP-PROD-2287,  Item 287  ,Drinks,"60,106",26,772120,M-ID-5260,2026-07-18
MP-PROD-2288,  Item 288  ,APPAREL,"8,518",43,713787,M-ID-5244,2026-06-26
MP-PROD-2289,  Item 289  ,apparel,"â‚¦22,469",492,42653,M-ID-6828,2026-08-11
MP-PROD-2290,  Item 290  ,Electronics,"10,312",125,826332,M-ID-5260,2026-06-22
MP-PROD-2291,  Item 291  ,Provisions,"5,744",314,170891,M-ID-6791,2026-06-21
MP-PROD-2292,  Item 292  ,GROCERIES,"11,577",298,154383,M-ID-9139,N/A
MP-PROD-2293,  Item 293  ,Drinks,"38,028",132,128959,M-ID-5912,25/03/2026
MP-PROD-2294,  Item 294  ,PROVISIONS,"52,223",472,598956,M-ID-7006,2026-05-18
MP-PROD-2295,  Item 295  ,APPAREL,"59,493",114,651599,M-ID-9837,2026-08-16
MP-PROD-2296,  Item 296  ,Pharmacy,"19,290",441,87649,M-ID-6791,2026-03-24
MP-PROD-2297,  Item 297  ,Pharmacy,"43,389",346,374301,M-ID-7253,27/09/2026
MP-PROD-2298,  Item 298  ,DRINKS,"â‚¦40,815",440,175156,M-ID-6143,2026-06-26
MP-PROD-2299,  Item 299  ,Electronics,"17,407",107,840541,M-ID-6828,2026-04-25
MP-PROD-2300,  Item 300  ,Pharmacy,"48,803",288,610076,M-ID-5260,2026-08-27
MP-PROD-2301,  Item 301  ,Electronics,"12,600",38,334314,M-ID-5244,2026-08-26
MP-PROD-2302,  Item 302  ,GROCERIES,"55,165",426,612826,M-ID-7253,2026-03-20
MP-PROD-2303,  Item 303  ,Apparel,"11,220",235,498461,M-ID-9139,2026-06-14
MP-PROD-2304,  Item 304  ,Provisions,"25,350",398,145300,M-ID-5767,11/09/2026
MP-PROD-2305,  Item 305  ,Pharmacy,"69,408",83,328897,M-ID-6143,N/A
MP-PROD-2306,  Item 306  ,Apparel,"â‚¦31,052",182,996609,M-ID-9139,2026-05-12
MP-PROD-2307,  Item 307  ,DRINKS,"27,229",330,587599,M-ID-5712,19/03/2026
MP-PROD-2308,  Item 308  ,PROVISIONS,"71,424",52,536986,M-ID-6143,2026-03-15
MP-PROD-2309,  Item 309  ,Apparel,"â‚¦45,752",436,978810,M-ID-5217,2026-01-10
MP-PROD-2310,  Item 310  ,Pharmacy,"7,458",490,682612,M-ID-5217,2026-05-16
MP-PROD-2311,  Item 311  ,provisions,"â‚¦56,102",321,680030,M-ID-5912,2026-08-27
MP-PROD-2312,  Item 312  ,Drinks,"41,096",252,266773,M-ID-5244,2026-05-24
MP-PROD-2313,  Item 313  ,pharmacy,"9,352",85,470959,M-ID-5767,2026-08-24
MP-PROD-2314,  Item 314  ,Electronics,"46,089",315,160647,M-ID-8456,N/A
MP-PROD-2315,  Item 315  ,Groceries,"â‚¦18,639",394,398539,M-ID-9139,2026-09-13
MP-PROD-2316,  Item 316  ,Drinks,"33,185",243,138473,M-ID-5712,17/08/2026
MP-PROD-2317,  Item 317  ,electronics,"â‚¦14,189",30,314309,M-ID-5244,2026-07-17
MP-PROD-2318,  Item 318  ,electronics,"44,417",483,615748,M-ID-8456,2026-04-15
MP-PROD-2319,  Item 319  ,Groceries,"68,966",244,532987,M-ID-9837,2026-08-10
MP-PROD-2320,  Item 320  ,pharmacy,"53,043",263,489441,M-ID-9467,2026-04-28
MP-PROD-2321,  Item 321  ,Drinks,"7,877",30,305023,M-ID-6905,2026-08-19
MP-PROD-2322,  Item 322  ,Provisions,"2,571",438,122718,M-ID-5767,2026-03-18
MP-PROD-2323,  Item 323  ,APPAREL,"49,443",396,432842,M-ID-5260,2026-01-22
MP-PROD-2324,  Item 324  ,pharmacy,"â‚¦27,013",190,590096,M-ID-9837,N/A
MP-PROD-2325,  Item 325  ,Provisions,"60,028",396,586566,M-ID-5712,2026-02-14
MP-PROD-2326,  Item 326  ,Pharmacy,"53,129",196,843510,M-ID-8456,2026-09-21
MP-PROD-2327,  Item 327  ,Electronics,"27,590",313,543853,M-ID-5244,N/A
MP-PROD-2328,  Item 328  ,Pharmacy,"6,600",75,758255,M-ID-8456,2026-08-26
MP-PROD-2329,  Item 329  ,Groceries,"21,021",315,946516,M-ID-9139,20/03/2026
MP-PROD-2330,  Item 330  ,provisions,"43,250",88,422042,M-ID-9597,2026-05-28
MP-PROD-2331,  Item 331  ,Drinks,"67,994",429,544473,M-ID-9931,N/A
MP-PROD-2332,  Item 332  ,drinks,"â‚¦63,745",422,27445,M-ID-5260,2026-06-13
MP-PROD-2333,  Item 333  ,Groceries,"â‚¦41,827",412,952425,M-ID-5912,N/A
MP-PROD-2334,  Item 334  ,Apparel,"31,324",374,63849,M-ID-5217,2026-08-15
MP-PROD-2335,  Item 335  ,Provisions,"â‚¦51,332",80,871574,M-ID-9467,28/01/2026
MP-PROD-2336,  Item 336  ,APPAREL,"15,904",102,29857,M-ID-6791,2026-06-23
MP-PROD-2337,  Item 337  ,Electronics,"55,627",358,223795,M-ID-5767,2026-09-25
MP-PROD-2338,  Item 338  ,APPAREL,"â‚¦9,663",366,154789,M-ID-9139,2026-04-27
MP-PROD-2339,  Item 339  ,drinks,"64,201",274,405129,M-ID-8456,2026-03-24
MP-PROD-2340,  Item 340  ,Provisions,"46,369",284,381496,M-ID-5712,2026-08-16
MP-PROD-2341,  Item 341  ,electronics,"38,069",290,322999,M-ID-9467,2026-05-19
MP-PROD-2342,  Item 342  ,apparel,"28,668",358,749233,M-ID-6905,2026-06-25
MP-PROD-2343,  Item 343  ,Drinks,"74,964",483,989878,M-ID-5712,2026-05-13
MP-PROD-2344,  Item 344  ,Provisions,"72,697",199,949272,M-ID-5244,2026-06-14
MP-PROD-2345,  Item 345  ,Drinks,"7,013",152,758831,M-ID-7253,2026-06-24
MP-PROD-2346,  Item 346  ,Apparel,"35,112",387,512351,M-ID-5839,2026-04-27
MP-PROD-2347,  Item 347  ,DRINKS,"37,101",75,124532,M-ID-9597,2026-04-17
MP-PROD-2348,  Item 348  ,pharmacy,"â‚¦71,104",120,678933,M-ID-9467,2026-01-13
MP-PROD-2349,  Item 349  ,Groceries,"44,792",372,505351,M-ID-7006,10/03/2026
MP-PROD-2350,  Item 350  ,Provisions,"â‚¦22,201",213,694607,M-ID-6905,2026-08-16
MP-PROD-2351,  Item 351  ,Groceries,"43,596",151,687273,M-ID-5204,2026-02-28
MP-PROD-2352,  Item 352  ,Electronics,"â‚¦71,643",383,768243,M-ID-5204,2026-03-23
MP-PROD-2353,  Item 353  ,Electronics,"6,263",433,426278,M-ID-6905,2026-03-19
MP-PROD-2354,  Item 354  ,pharmacy,"2,714",157,605551,M-ID-9597,2026-02-20
MP-PROD-2355,  Item 355  ,Drinks,"61,052",333,579691,M-ID-9139,2026-08-14
MP-PROD-2356,  Item 356  ,provisions,"â‚¦62,844",144,212177,M-ID-7006,2026-06-15
MP-PROD-2357,  Item 357  ,Apparel,"61,650",336,279761,M-ID-6143,2026-01-20
MP-PROD-2358,  Item 358  ,Drinks,"26,818",94,650632,M-ID-5244,2026-07-26
MP-PROD-2359,  Item 359  ,DRINKS,"â‚¦12,868",210,711765,M-ID-7006,2026-03-14
MP-PROD-2360,  Item 360  ,groceries,"43,915",484,270096,M-ID-5912,2026-05-22
MP-PROD-2361,  Item 361  ,ELECTRONICS,"60,054",390,289963,M-ID-8456,2026-05-28
MP-PROD-2362,  Item 362  ,Apparel,"2,998",138,695436,M-ID-5260,2026-04-11
MP-PROD-2363,  Item 363  ,Apparel,"16,995",243,331709,M-ID-6143,2026-07-26
MP-PROD-2364,  Item 364  ,Apparel,"42,260",358,133119,M-ID-9837,2026-06-17
MP-PROD-2365,  Item 365  ,ELECTRONICS,"19,007",249,170626,M-ID-6791,2026-06-23
MP-PROD-2366,  Item 366  ,APPAREL,"73,489",472,503699,M-ID-9931,2026-04-17
MP-PROD-2367,  Item 367  ,Apparel,"12,030",274,478449,M-ID-9139,2026-06-12
MP-PROD-2368,  Item 368  ,Provisions,"17,207",36,879032,M-ID-9931,2026-09-16
MP-PROD-2369,  Item 369  ,Provisions,"71,841",81,182529,M-ID-8456,2026-09-24
MP-PROD-2370,  Item 370  ,Pharmacy,"28,422",372,621474,M-ID-6905,2026-02-26
MP-PROD-2371,  Item 371  ,Groceries,"8,792",237,148353,M-ID-9139,2026-07-24
MP-PROD-2372,  Item 372  ,PROVISIONS,"â‚¦9,067",291,494838,M-ID-9837,2026-01-22
MP-PROD-2373,  Item 373  ,Drinks,"1,895",386,238486,M-ID-5217,2026-02-11
MP-PROD-2374,  Item 374  ,GROCERIES,"46,658",363,76857,M-ID-9931,12/01/2026
MP-PROD-2375,  Item 375  ,GROCERIES,"5,659",151,438728,M-ID-6143,2026-03-23
MP-PROD-2376,  Item 376  ,drinks,"51,632",234,921862,M-ID-5244,2026-07-12
MP-PROD-2377,  Item 377  ,apparel,"72,187",73,695280,M-ID-5260,2026-02-15
MP-PROD-2378,  Item 378  ,Apparel,"52,818",275,143533,M-ID-9467,2026-01-10
MP-PROD-2379,  Item 379  ,Drinks,"62,186",349,764024,M-ID-9931,2026-07-27
MP-PROD-2380,  Item 380  ,groceries,"31,602",131,493000,M-ID-5260,2026-03-18
MP-PROD-2381,  Item 381  ,Electronics,"16,290",21,858799,M-ID-5767,2026-01-17
MP-PROD-2382,  Item 382  ,electronics,"10,319",56,632795,M-ID-5204,2026-08-11
MP-PROD-2383,  Item 383  ,electronics,"7,298",210,470285,M-ID-9467,16/09/2026
MP-PROD-2384,  Item 384  ,Pharmacy,"19,867",262,313314,M-ID-9467,N/A
MP-PROD-2385,  Item 385  ,provisions,"43,530",126,326422,M-ID-6828,2026-09-17
MP-PROD-2386,  Item 386  ,groceries,"40,887",145,73918,M-ID-9931,2026-03-23
MP-PROD-2387,  Item 387  ,PROVISIONS,"66,462",29,371145,M-ID-5244,2026-09-20
MP-PROD-2388,  Item 388  ,Apparel,"â‚¦56,068",214,166466,M-ID-9837,2026-07-15
MP-PROD-2389,  Item 389  ,Provisions,"63,565",128,900598,M-ID-9467,2026-05-14
MP-PROD-2390,  Item 390  ,Groceries,"8,552",292,442723,M-ID-5767,2026-09-26
MP-PROD-2391,  Item 391  ,electronics,"53,410",129,277382,M-ID-5839,N/A
MP-PROD-2392,  Item 392  ,Drinks,"50,137",52,571654,M-ID-5839,2026-01-18
MP-PROD-2393,  Item 393  ,GROCERIES,"â‚¦8,183",452,86319,M-ID-5839,2026-09-16
MP-PROD-2394,  Item 394  ,Groceries,"28,879",450,961092,M-ID-8456,2026-05-10
MP-PROD-2395,  Item 395  ,Electronics,"26,406",497,787493,M-ID-7006,2026-08-17
MP-PROD-2396,  Item 396  ,apparel,"28,305",208,969579,M-ID-9467,2026-09-20
MP-PROD-2397,  Item 397  ,Drinks,"51,394",243,569572,M-ID-5260,2026-05-18
MP-PROD-2398,  Item 398  ,Drinks,"68,715",456,531433,M-ID-6791,2026-02-25
MP-PROD-2399,  Item 399  ,drinks,"â‚¦28,124",194,338122,M-ID-5767,N/A
MP-PROD-2400,  Item 400  ,ELECTRONICS,"20,626",13,283441,M-ID-9931,2026-07-19
MP-PROD-2401,  Item 401  ,ELECTRONICS,"â‚¦27,215",173,251192,M-ID-5244,2026-04-25
MP-PROD-2402,  Item 402  ,Provisions,"45,745",136,810441,M-ID-6905,2026-08-24
MP-PROD-2403,  Item 403  ,Electronics,"49,160",91,156757,M-ID-9931,2026-08-15
MP-PROD-2404,  Item 404  ,provisions,"9,198",273,45466,M-ID-7253,2026-01-10
MP-PROD-2405,  Item 405  ,Groceries,"19,521",436,671338,M-ID-9467,2026-02-14
MP-PROD-2406,  Item 406  ,Pharmacy,"30,168",263,488160,M-ID-5260,2026-01-25
MP-PROD-2407,  Item 407  ,Apparel,"65,444",13,16933,M-ID-9931,2026-09-23
MP-PROD-2408,  Item 408  ,PHARMACY,"3,692",276,767273,M-ID-5712,2026-09-19
MP-PROD-2409,  Item 409  ,Pharmacy,"67,326",421,741758,M-ID-5767,13/03/2026
MP-PROD-2410,  Item 410  ,Pharmacy,"â‚¦70,232",81,262674,M-ID-5839,2026-09-18
MP-PROD-2411,  Item 411  ,drinks,"36,538",412,426176,M-ID-7253,2026-06-22
MP-PROD-2412,  Item 412  ,GROCERIES,"33,377",361,246828,M-ID-9837,2026-02-11
MP-PROD-2413,  Item 413  ,pharmacy,"54,420",199,405490,M-ID-9931,2026-08-11
MP-PROD-2414,  Item 414  ,apparel,"2,738",364,189708,M-ID-7253,2026-08-23
MP-PROD-2415,  Item 415  ,Apparel,"â‚¦44,720",294,909636,M-ID-7006,2026-09-11
MP-PROD-2416,  Item 416  ,ELECTRONICS,"29,210",466,920286,M-ID-5217,18/08/2026
MP-PROD-2417,  Item 417  ,PHARMACY,"11,244",355,980546,M-ID-5712,N/A
MP-PROD-2418,  Item 418  ,Apparel,"5,812",96,983882,M-ID-8456,2026-01-16
MP-PROD-2419,  Item 419  ,Provisions,"20,399",390,870556,M-ID-5244,2026-02-19
MP-PROD-2420,  Item 420  ,Electronics,"33,019",295,885194,M-ID-5244,2026-09-20
MP-PROD-2421,  Item 421  ,Groceries,"19,843",409,732794,M-ID-7253,2026-09-21
MP-PROD-2422,  Item 422  ,Groceries,"14,303",228,253420,M-ID-7253,N/A
MP-PROD-2423,  Item 423  ,drinks,"â‚¦5,383",329,296604,M-ID-6791,17/08/2026
MP-PROD-2424,  Item 424  ,drinks,"73,987",486,403663,M-ID-5767,2026-03-28
MP-PROD-2425,  Item 425  ,Apparel,"51,316",48,819676,M-ID-9597,2026-05-17
MP-PROD-2426,  Item 426  ,APPAREL,"11,134",47,290989,M-ID-6828,2026-07-14
MP-PROD-2427,  Item 427  ,Apparel,"54,068",167,388221,M-ID-7006,2026-02-10
MP-PROD-2428,  Item 428  ,drinks,"59,792",189,808329,M-ID-5712,2026-02-14
MP-PROD-2429,  Item 429  ,Pharmacy,"26,061",225,480646,M-ID-9931,2026-09-26
MP-PROD-2430,  Item 430  ,groceries,"15,038",18,103972,M-ID-5260,2026-09-12
MP-PROD-2431,  Item 431  ,provisions,"44,023",447,413951,M-ID-5912,2026-05-23
MP-PROD-2432,  Item 432  ,Groceries,"12,601",376,954909,M-ID-9931,2026-04-28
MP-PROD-2433,  Item 433  ,provisions,"23,727",355,409226,M-ID-6143,18/03/2026
MP-PROD-2434,  Item 434  ,Drinks,"36,680",257,163023,M-ID-7253,2026-03-23
MP-PROD-2435,  Item 435  ,drinks,"56,694",158,517753,M-ID-7253,2026-06-18
MP-PROD-2436,  Item 436  ,Electronics,"66,485",309,656624,M-ID-5839,2026-08-13
MP-PROD-2437,  Item 437  ,Electronics,"41,432",8,424913,M-ID-8456,2026-07-20
MP-PROD-2438,  Item 438  ,groceries,"45,374",225,865088,M-ID-9597,2026-03-19
MP-PROD-2439,  Item 439  ,Drinks,"27,826",250,339445,M-ID-6143,2026-07-20
MP-PROD-2440,  Item 440  ,Drinks,"65,857",500,613853,M-ID-9467,2026-06-22
MP-PROD-2441,  Item 441  ,Drinks,"â‚¦53,002",191,129420,M-ID-5217,2026-04-28
MP-PROD-2442,  Item 442  ,Provisions,"24,883",354,814905,M-ID-9931,2026-01-24
MP-PROD-2443,  Item 443  ,Apparel,"28,979",229,846433,M-ID-9837,2026-02-23
MP-PROD-2444,  Item 444  ,Apparel,"66,944",76,674100,M-ID-9837,2026-04-18
MP-PROD-2445,  Item 445  ,Apparel,"â‚¦23,203",371,453681,M-ID-5244,24/02/2026
MP-PROD-2446,  Item 446  ,PROVISIONS,"64,314",303,430274,M-ID-9931,23/09/2026
MP-PROD-2447,  Item 447  ,Provisions,"7,818",409,386993,M-ID-9931,2026-02-13
MP-PROD-2448,  Item 448  ,ELECTRONICS,"48,031",90,688428,M-ID-9597,2026-01-28
MP-PROD-2449,  Item 449  ,apparel,"53,878",500,799245,M-ID-8456,2026-07-13
MP-PROD-2450,  Item 450  ,Provisions,"14,424",137,242785,M-ID-9139,2026-09-27
MP-PROD-2451,  Item 451  ,provisions,"30,471",233,402292,M-ID-5244,2026-08-28
MP-PROD-2452,  Item 452  ,apparel,"67,097",82,371724,M-ID-5912,2026-08-13
MP-PROD-2453,  Item 453  ,Drinks,"56,022",476,100025,M-ID-7006,2026-03-21
MP-PROD-2454,  Item 454  ,Drinks,"46,466",238,832366,M-ID-5839,2026-09-25
MP-PROD-2455,  Item 455  ,drinks,"â‚¦63,911",54,469450,M-ID-6791,2026-06-12
MP-PROD-2456,  Item 456  ,DRINKS,"7,356",419,755305,M-ID-7006,2026-01-20
MP-PROD-2457,  Item 457  ,Groceries,"â‚¦15,834",351,848913,M-ID-6143,2026-04-26
MP-PROD-2458,  Item 458  ,electronics,"73,839",86,357067,M-ID-9931,2026-07-24
MP-PROD-2459,  Item 459  ,Electronics,"54,590",327,203411,M-ID-6143,2026-07-22
MP-PROD-2460,  Item 460  ,Pharmacy,"27,363",235,630970,M-ID-5767,2026-07-10
MP-PROD-2461,  Item 461  ,Apparel,"29,653",110,301865,M-ID-7253,2026-02-27
MP-PROD-2462,  Item 462  ,Electronics,"49,445",171,216647,M-ID-6791,18/02/2026
MP-PROD-2463,  Item 463  ,Apparel,"â‚¦65,657",275,680153,M-ID-8456,2026-07-22
MP-PROD-2464,  Item 464  ,PROVISIONS,"â‚¦16,472",183,379082,M-ID-6791,2026-03-19
MP-PROD-2465,  Item 465  ,Provisions,"12,608",349,150454,M-ID-8456,2026-02-17
MP-PROD-2466,  Item 466  ,Drinks,"16,828",98,401439,M-ID-6828,2026-09-22
MP-PROD-2467,  Item 467  ,Groceries,"19,570",299,412349,M-ID-5767,2026-03-25
MP-PROD-2468,  Item 468  ,apparel,"71,935",360,973810,M-ID-6143,2026-09-15
MP-PROD-2469,  Item 469  ,Groceries,"39,358",76,206187,M-ID-8456,2026-08-11
MP-PROD-2470,  Item 470  ,Drinks,"2,756",253,153167,M-ID-5839,2026-07-27
MP-PROD-2471,  Item 471  ,PROVISIONS,"66,376",214,727956,M-ID-6905,24/07/2026
MP-PROD-2472,  Item 472  ,Groceries,"â‚¦23,422",47,602862,M-ID-5912,2026-04-19
MP-PROD-2473,  Item 473  ,pharmacy,"37,525",120,573723,M-ID-9837,2026-03-24
MP-PROD-2474,  Item 474  ,Provisions,"â‚¦66,421",286,545618,M-ID-7006,2026-02-18
MP-PROD-2475,  Item 475  ,Provisions,"49,585",282,872570,M-ID-5204,2026-08-27
MP-PROD-2476,  Item 476  ,Electronics,"â‚¦57,225",57,781740,M-ID-9467,2026-05-11
MP-PROD-2477,  Item 477  ,Groceries,"35,947",183,914081,M-ID-7253,2026-08-13
MP-PROD-2478,  Item 478  ,Electronics,"29,009",420,783443,M-ID-5217,2026-06-23
MP-PROD-2479,  Item 479  ,Electronics,"19,749",406,226656,M-ID-5839,2026-01-28
MP-PROD-2480,  Item 480  ,Drinks,"71,267",148,635850,M-ID-9931,2026-03-20
MP-PROD-2481,  Item 481  ,apparel,"â‚¦39,856",153,610556,M-ID-5712,2026-09-13
MP-PROD-2482,  Item 482  ,electronics,"55,448",475,72165,M-ID-5712,2026-03-14
MP-PROD-2483,  Item 483  ,Electronics,"20,668",369,347742,M-ID-9467,2026-07-25
MP-PROD-2484,  Item 484  ,ELECTRONICS,"36,721",326,444346,M-ID-5244,2026-08-12
MP-PROD-2485,  Item 485  ,Apparel,"13,702",211,550659,M-ID-5712,24/06/2026
MP-PROD-2486,  Item 486  ,groceries,"â‚¦44,198",302,12593,M-ID-7253,2026-08-21
MP-PROD-2487,  Item 487  ,Pharmacy,"71,548",208,238411,M-ID-5767,2026-04-25
MP-PROD-2488,  Item 488  ,Drinks,"43,818",429,307368,M-ID-8456,2026-09-28
MP-PROD-2489,  Item 489  ,Electronics,"65,114",408,370437,M-ID-5204,2026-01-13
MP-PROD-2490,  Item 490  ,Apparel,"â‚¦61,738",13,140272,M-ID-6143,2026-08-24
MP-PROD-2491,  Item 491  ,pharmacy,"57,572",108,732040,M-ID-6828,15/05/2026
MP-PROD-2492,  Item 492  ,Drinks,"13,734",340,387943,M-ID-5712,2026-02-21
MP-PROD-2493,  Item 493  ,apparel,"â‚¦23,195",31,425594,M-ID-9837,2026-04-23
MP-PROD-2494,  Item 494  ,Apparel,"13,453",365,109807,M-ID-5912,2026-04-25
MP-PROD-2495,  Item 495  ,Pharmacy,"18,893",308,247178,M-ID-9139,2026-08-10
MP-PROD-2496,  Item 496  ,Apparel,"46,532",423,136451,M-ID-5767,2026-03-25
MP-PROD-2497,  Item 497  ,Pharmacy,"31,508",201,103670,M-ID-7006,2026-02-20
MP-PROD-2498,  Item 498  ,Drinks,"â‚¦42,223",75,411312,M-ID-6828,2026-03-12
MP-PROD-2499,  Item 499  ,Provisions,"â‚¦2,610",317,691595,M-ID-6143,2026-08-21
MP-PROD-2500,  Item 500  ,Apparel,"29,425",326,794616,M-ID-6828,2026-07-24
MP-PROD-2501,  Item 501  ,ELECTRONICS,"12,862",464,115345,M-ID-6828,2026-02-28
MP-PROD-2502,  Item 502  ,Apparel,"51,835",184,460246,M-ID-8456,2026-03-17
MP-PROD-2503,  Item 503  ,Drinks,"12,542",132,590278,M-ID-9597,2026-05-10
MP-PROD-2504,  Item 504  ,Apparel,"41,037",110,552899,M-ID-9597,16/09/2026
MP-PROD-2505,  Item 505  ,Apparel,"52,847",156,687558,M-ID-5204,2026-04-25
MP-PROD-2506,  Item 506  ,Groceries,"â‚¦16,277",128,533850,M-ID-9597,2026-02-26
MP-PROD-2507,  Item 507  ,Groceries,"48,829",483,341845,M-ID-6828,2026-07-28
MP-PROD-2508,  Item 508  ,Groceries,"49,395",284,726116,M-ID-6143,2026-08-12
MP-PROD-2509,  Item 509  ,Pharmacy,"10,351",12,284921,M-ID-5839,2026-01-11
MP-PROD-2510,  Item 510  ,groceries,"67,902",151,669104,M-ID-9139,2026-07-23
MP-PROD-2511,  Item 511  ,Apparel,"54,227",47,681652,M-ID-9931,2026-09-14
MP-PROD-2512,  Item 512  ,Drinks,"12,457",163,92860,M-ID-9139,2026-04-14
MP-PROD-2513,  Item 513  ,provisions,"44,327",205,624923,M-ID-7253,2026-05-23
MP-PROD-2514,  Item 514  ,APPAREL,"32,778",34,266355,M-ID-7253,2026-07-13
MP-PROD-2515,  Item 515  ,GROCERIES,"8,712",163,708435,M-ID-6143,2026-02-10
MP-PROD-2516,  Item 516  ,Apparel,"19,484",364,21901,M-ID-6143,2026-08-21
MP-PROD-2517,  Item 517  ,Provisions,"69,293",405,872460,M-ID-5712,2026-03-21
MP-PROD-2518,  Item 518  ,Electronics,"36,727",380,939473,M-ID-7006,2026-01-20
MP-PROD-2519,  Item 519  ,Groceries,"37,149",273,76974,M-ID-5712,2026-02-25
MP-PROD-2520,  Item 520  ,Groceries,"â‚¦68,449",189,68132,M-ID-6905,2026-03-21
MP-PROD-2521,  Item 521  ,Electronics,"34,938",400,117903,M-ID-5217,2026-02-17
MP-PROD-2522,  Item 522  ,Apparel,"67,992",6,56177,M-ID-5912,11/04/2026
MP-PROD-2523,  Item 523  ,groceries,"49,207",201,974927,M-ID-6828,2026-03-11
MP-PROD-2524,  Item 524  ,provisions,"56,467",119,347433,M-ID-9467,20/07/2026
MP-PROD-2525,  Item 525  ,Drinks,"11,708",297,400917,M-ID-7006,2026-09-11
MP-PROD-2526,  Item 526  ,Electronics,"30,753",416,550828,M-ID-5204,2026-07-12
MP-PROD-2527,  Item 527  ,Groceries,"38,502",401,895885,M-ID-9837,2026-06-12
MP-PROD-2528,  Item 528  ,Provisions,"61,366",9,396839,M-ID-5839,2026-05-28
MP-PROD-2529,  Item 529  ,Drinks,"33,295",242,396162,M-ID-5217,2026-08-16
MP-PROD-2530,  Item 530  ,Apparel,"73,138",394,844638,M-ID-9467,2026-03-10
MP-PROD-2531,  Item 531  ,Groceries,"4,633",124,577851,M-ID-5260,2026-01-20
MP-PROD-2532,  Item 532  ,Pharmacy,"50,819",439,783935,M-ID-9837,2026-02-16
MP-PROD-2533,  Item 533  ,provisions,"32,717",219,525929,M-ID-5204,18/03/2026
MP-PROD-2534,  Item 534  ,pharmacy,"7,254",476,252716,M-ID-9139,2026-07-21
MP-PROD-2535,  Item 535  ,Groceries,"12,628",302,110219,M-ID-9139,2026-03-22
MP-PROD-2536,  Item 536  ,Pharmacy,"9,663",227,704622,M-ID-6828,2026-04-19
MP-PROD-2537,  Item 537  ,DRINKS,"42,788",479,849717,M-ID-5244,2026-06-20
MP-PROD-2538,  Item 538  ,Groceries,"37,145",124,88315,M-ID-5839,2026-03-28
MP-PROD-2539,  Item 539  ,Pharmacy,"21,869",59,182359,M-ID-6791,2026-08-20
MP-PROD-2540,  Item 540  ,Drinks,"17,325",279,385691,M-ID-5839,N/A
MP-PROD-2541,  Item 541  ,Groceries,"36,235",441,135738,M-ID-7253,2026-03-19
MP-PROD-2542,  Item 542  ,APPAREL,"6,786",115,886530,M-ID-8456,12/03/2026
MP-PROD-2543,  Item 543  ,apparel,"34,034",500,383023,M-ID-5244,2026-09-11
MP-PROD-2544,  Item 544  ,Apparel,"â‚¦40,669",138,869926,M-ID-6143,2026-01-22
MP-PROD-2545,  Item 545  ,Groceries,"â‚¦74,369",388,586843,M-ID-9467,2026-02-24
MP-PROD-2546,  Item 546  ,Pharmacy,"19,822",67,22537,M-ID-5204,14/04/2026
MP-PROD-2547,  Item 547  ,electronics,"54,005",195,729622,M-ID-7253,2026-05-12
MP-PROD-2548,  Item 548  ,pharmacy,"9,950",106,956335,M-ID-6791,2026-03-12
MP-PROD-2549,  Item 549  ,drinks,"17,559",26,998052,M-ID-6791,2026-01-15
MP-PROD-2550,  Item 550  ,Provisions,"58,274",425,769620,M-ID-5244,10/08/2026
MP-PROD-2551,  Item 551  ,GROCERIES,"57,423",93,381136,M-ID-5839,2026-03-18
MP-PROD-2552,  Item 552  ,Drinks,"59,959",457,165851,M-ID-5204,19/04/2026
MP-PROD-2553,  Item 553  ,GROCERIES,"55,500",456,587438,M-ID-6905,2026-01-12
MP-PROD-2554,  Item 554  ,DRINKS,"51,702",75,449599,M-ID-5839,N/A
MP-PROD-2555,  Item 555  ,Apparel,"72,758",411,30478,M-ID-5244,2026-06-25
MP-PROD-2556,  Item 556  ,Provisions,"65,027",181,967011,M-ID-5217,2026-09-20
MP-PROD-2557,  Item 557  ,Groceries,"â‚¦36,946",97,37329,M-ID-8456,2026-04-10
MP-PROD-2558,  Item 558  ,drinks,"8,679",419,504596,M-ID-9139,2026-06-28
MP-PROD-2559,  Item 559  ,Electronics,"22,422",56,269896,M-ID-9467,2026-05-27
MP-PROD-2560,  Item 560  ,apparel,"8,828",396,240069,M-ID-5217,2026-07-21
MP-PROD-2561,  Item 561  ,electronics,"â‚¦24,581",126,631301,M-ID-8456,2026-06-28
MP-PROD-2562,  Item 562  ,Pharmacy,"48,595",490,605225,M-ID-5217,2026-03-28
MP-PROD-2563,  Item 563  ,Electronics,"66,017",282,334065,M-ID-6143,2026-08-11
MP-PROD-2564,  Item 564  ,Pharmacy,"8,862",124,640889,M-ID-9467,2026-01-26
MP-PROD-2565,  Item 565  ,Groceries,"1,589",174,972483,M-ID-9597,2026-04-14
MP-PROD-2566,  Item 566  ,DRINKS,"24,760",475,851403,M-ID-8456,2026-01-10
MP-PROD-2567,  Item 567  ,Electronics,"20,066",401,126308,M-ID-9139,2026-06-12
MP-PROD-2568,  Item 568  ,Drinks,"â‚¦53,151",305,115939,M-ID-8456,2026-05-20
MP-PROD-2569,  Item 569  ,Electronics,"â‚¦22,144",379,468089,M-ID-6905,2026-06-15
MP-PROD-2570,  Item 570  ,APPAREL,"48,269",119,707860,M-ID-5217,2026-03-22
MP-PROD-2571,  Item 571  ,drinks,"40,102",70,196340,M-ID-5912,2026-07-28
MP-PROD-2572,  Item 572  ,Pharmacy,"25,365",313,343674,M-ID-9597,2026-04-28
MP-PROD-2573,  Item 573  ,Pharmacy,"67,535",77,357255,M-ID-7253,2026-04-21
MP-PROD-2574,  Item 574  ,Drinks,"23,505",330,938325,M-ID-7253,2026-06-24
MP-PROD-2575,  Item 575  ,Pharmacy,"36,261",112,271662,M-ID-7253,2026-06-18
MP-PROD-2576,  Item 576  ,Pharmacy,"1,667",29,414684,M-ID-6791,2026-07-15
MP-PROD-2577,  Item 577  ,Groceries,"66,129",456,407108,M-ID-5260,22/09/2026
MP-PROD-2578,  Item 578  ,Pharmacy,"64,347",408,916022,M-ID-5217,2026-04-15
MP-PROD-2579,  Item 579  ,Groceries,"11,161",414,896846,M-ID-5204,2026-05-10
MP-PROD-2580,  Item 580  ,drinks,"â‚¦35,726",492,119812,M-ID-7253,2026-06-15
MP-PROD-2581,  Item 581  ,Groceries,"22,590",379,88645,M-ID-9931,20/02/2026
MP-PROD-2582,  Item 582  ,Provisions,"64,773",365,42498,M-ID-5767,2026-03-23
MP-PROD-2583,  Item 583  ,Electronics,"â‚¦8,519",56,357177,M-ID-5839,2026-04-23
MP-PROD-2584,  Item 584  ,Apparel,"74,128",374,980534,M-ID-9931,19/05/2026
MP-PROD-2585,  Item 585  ,Drinks,"32,635",54,62046,M-ID-5244,2026-09-25
MP-PROD-2586,  Item 586  ,Electronics,"8,644",189,14000,M-ID-5767,2026-02-19
MP-PROD-2587,  Item 587  ,APPAREL,"â‚¦64,457",107,111698,M-ID-5912,2026-04-15
MP-PROD-2588,  Item 588  ,Apparel,"â‚¦39,748",46,506574,M-ID-7006,2026-05-22
MP-PROD-2589,  Item 589  ,Groceries,"65,606",463,703150,M-ID-5712,2026-02-27
MP-PROD-2590,  Item 590  ,Groceries,"25,732",194,938506,M-ID-5244,2026-06-15
MP-PROD-2591,  Item 591  ,GROCERIES,"â‚¦7,348",139,471101,M-ID-6791,2026-05-17
MP-PROD-2592,  Item 592  ,Drinks,"9,579",82,798775,M-ID-7006,2026-02-21
MP-PROD-2593,  Item 593  ,Provisions,"55,762",392,628372,M-ID-9467,2026-09-11
MP-PROD-2594,  Item 594  ,Groceries,"â‚¦69,995",219,571527,M-ID-6905,2026-04-25
MP-PROD-2595,  Item 595  ,Drinks,"11,848",207,956630,M-ID-5204,2026-09-28
MP-PROD-2596,  Item 596  ,PROVISIONS,"21,826",66,803969,M-ID-6791,2026-03-15
MP-PROD-2597,  Item 597  ,Electronics,"26,760",69,54748,M-ID-5767,23/02/2026
MP-PROD-2598,  Item 598  ,Electronics,"20,882",432,633952,M-ID-5712,12/06/2026
MP-PROD-2599,  Item 599  ,Pharmacy,"52,368",289,426656,M-ID-9931,18/06/2026
MP-PROD-2600,  Item 600  ,Provisions,"61,551",474,925895,M-ID-5912,23/09/2026
MP-PROD-2601,  Item 601  ,Pharmacy,"55,821",81,165398,M-ID-5217,2026-02-13
MP-PROD-2602,  Item 602  ,Provisions,"14,737",407,309990,M-ID-9931,2026-06-23
MP-PROD-2603,  Item 603  ,Drinks,"51,706",340,519172,M-ID-5217,2026-08-11
MP-PROD-2604,  Item 604  ,Electronics,"â‚¦38,599",211,160840,M-ID-9597,2026-07-11
MP-PROD-2605,  Item 605  ,Provisions,"â‚¦44,949",358,259119,M-ID-5204,2026-08-18
MP-PROD-2606,  Item 606  ,DRINKS,"â‚¦4,151",177,867091,M-ID-9837,2026-05-18
MP-PROD-2607,  Item 607  ,groceries,"14,373",449,249030,M-ID-6828,24/05/2026
MP-PROD-2608,  Item 608  ,Drinks,"36,813",378,447017,M-ID-9597,2026-02-16
MP-PROD-2609,  Item 609  ,Apparel,"29,207",472,873994,M-ID-5767,2026-08-26
MP-PROD-2610,  Item 610  ,DRINKS,"â‚¦8,867",268,839937,M-ID-6143,2026-02-19
MP-PROD-2611,  Item 611  ,Apparel,"67,926",211,152239,M-ID-9139,2026-01-15
MP-PROD-2612,  Item 612  ,ELECTRONICS,"â‚¦27,809",433,70426,M-ID-9467,24/01/2026
MP-PROD-2613,  Item 613  ,pharmacy,"48,735",365,218781,M-ID-5712,2026-06-24
MP-PROD-2614,  Item 614  ,Provisions,"53,528",330,977912,M-ID-7006,2026-01-17
MP-PROD-2615,  Item 615  ,Drinks,"65,566",309,477773,M-ID-6143,2026-08-28
MP-PROD-2616,  Item 616  ,Provisions,"47,343",181,181456,M-ID-5712,2026-02-19
MP-PROD-2617,  Item 617  ,Pharmacy,"52,167",30,180820,M-ID-5217,2026-04-17
MP-PROD-2618,  Item 618  ,Pharmacy,"â‚¦31,005",351,226773,M-ID-5712,2026-07-26
MP-PROD-2619,  Item 619  ,Pharmacy,"2,666",247,965793,M-ID-6828,2026-03-10
MP-PROD-2620,  Item 620  ,Electronics,"34,581",316,854193,M-ID-9837,2026-05-23
MP-PROD-2621,  Item 621  ,Groceries,"47,206",240,274239,M-ID-5839,2026-08-19
MP-PROD-2622,  Item 622  ,apparel,"69,741",427,663898,M-ID-5244,2026-02-10
MP-PROD-2623,  Item 623  ,PROVISIONS,"50,551",292,688787,M-ID-9597,2026-05-19
MP-PROD-2624,  Item 624  ,Apparel,"15,669",251,76938,M-ID-8456,2026-05-20
MP-PROD-2625,  Item 625  ,Drinks,"35,729",340,755635,M-ID-9837,2026-04-14
MP-PROD-2626,  Item 626  ,Provisions,"33,996",465,69532,M-ID-9597,2026-07-20
MP-PROD-2627,  Item 627  ,Apparel,"19,840",374,36691,M-ID-6905,2026-05-18
MP-PROD-2628,  Item 628  ,Groceries,"54,531",203,782519,M-ID-5204,2026-04-20
MP-PROD-2629,  Item 629  ,apparel,"30,645",356,570605,M-ID-6905,N/A
MP-PROD-2630,  Item 630  ,DRINKS,"â‚¦23,780",435,699558,M-ID-9931,2026-03-19
MP-PROD-2631,  Item 631  ,Pharmacy,"â‚¦63,206",70,786909,M-ID-5712,15/09/2026
MP-PROD-2632,  Item 632  ,APPAREL,"45,492",340,103637,M-ID-9467,17/06/2026
MP-PROD-2633,  Item 633  ,Apparel,"41,750",220,836372,M-ID-8456,2026-06-18
MP-PROD-2634,  Item 634  ,provisions,"40,041",242,902562,M-ID-7006,2026-08-11
MP-PROD-2635,  Item 635  ,Apparel,"â‚¦10,834",246,942630,M-ID-5839,2026-09-13
MP-PROD-2636,  Item 636  ,Apparel,"51,526",276,322848,M-ID-5767,2026-01-14
MP-PROD-2637,  Item 637  ,ELECTRONICS,"27,753",180,439068,M-ID-5217,2026-08-14
MP-PROD-2638,  Item 638  ,DRINKS,"25,139",403,94736,M-ID-6905,2026-06-15
MP-PROD-2639,  Item 639  ,Drinks,"9,103",7,484012,M-ID-5712,2026-04-15
MP-PROD-2640,  Item 640  ,Provisions,"22,066",255,833353,M-ID-7253,2026-03-23
MP-PROD-2641,  Item 641  ,apparel,"57,783",211,459865,M-ID-6905,2026-07-10
MP-PROD-2642,  Item 642  ,Pharmacy,"71,463",107,776151,M-ID-5260,2026-01-20
MP-PROD-2643,  Item 643  ,Provisions,"26,479",14,719621,M-ID-5912,17/04/2026
MP-PROD-2644,  Item 644  ,Apparel,"46,634",164,145193,M-ID-7006,26/07/2026
MP-PROD-2645,  Item 645  ,PROVISIONS,"41,623",90,78458,M-ID-5204,2026-05-19
MP-PROD-2646,  Item 646  ,Groceries,"69,695",310,559577,M-ID-8456,2026-07-14
MP-PROD-2647,  Item 647  ,Drinks,"65,748",188,796553,M-ID-5839,2026-03-22
MP-PROD-2648,  Item 648  ,Pharmacy,"31,439",119,772491,M-ID-6828,2026-04-10
MP-PROD-2649,  Item 649  ,PROVISIONS,"67,643",91,139144,M-ID-5260,2026-01-22
MP-PROD-2650,  Item 650  ,apparel,"35,026",399,570708,M-ID-9597,2026-01-11
MP-PROD-2651,  Item 651  ,Apparel,"â‚¦15,670",339,886735,M-ID-5912,2026-01-13
MP-PROD-2652,  Item 652  ,Groceries,"59,737",199,139598,M-ID-9931,2026-05-25
MP-PROD-2653,  Item 653  ,Apparel,"21,570",110,738961,M-ID-5912,2026-05-23
MP-PROD-2654,  Item 654  ,APPAREL,"14,735",344,555583,M-ID-5712,2026-03-23
MP-PROD-2655,  Item 655  ,pharmacy,"68,554",373,657703,M-ID-7006,2026-05-13
MP-PROD-2656,  Item 656  ,Pharmacy,"66,739",106,648584,M-ID-5839,2026-05-26
MP-PROD-2657,  Item 657  ,Electronics,"48,413",365,439660,M-ID-9837,11/03/2026
MP-PROD-2658,  Item 658  ,Provisions,"66,558",471,227782,M-ID-6905,2026-06-17
MP-PROD-2659,  Item 659  ,Pharmacy,"â‚¦3,171",348,103326,M-ID-7006,2026-08-14
MP-PROD-2660,  Item 660  ,pharmacy,"â‚¦68,570",43,768711,M-ID-7006,2026-05-17
MP-PROD-2661,  Item 661  ,Groceries,"40,300",140,496830,M-ID-5204,2026-02-15
MP-PROD-2662,  Item 662  ,Pharmacy,"39,585",189,850534,M-ID-8456,2026-07-13
MP-PROD-2663,  Item 663  ,Pharmacy,"7,314",9,903385,M-ID-6828,2026-03-20
MP-PROD-2664,  Item 664  ,Drinks,"58,872",494,662011,M-ID-5712,2026-02-21
MP-PROD-2665,  Item 665  ,Drinks,"â‚¦25,469",63,430245,M-ID-5244,2026-08-18
MP-PROD-2666,  Item 666  ,Groceries,"64,184",414,452226,M-ID-6143,2026-02-14
MP-PROD-2667,  Item 667  ,apparel,"9,186",487,895364,M-ID-6143,23/02/2026
MP-PROD-2668,  Item 668  ,Provisions,"64,765",415,606580,M-ID-6791,2026-03-22
MP-PROD-2669,  Item 669  ,drinks,"5,277",446,727712,M-ID-6828,2026-08-25
MP-PROD-2670,  Item 670  ,pharmacy,"55,407",230,58205,M-ID-7253,2026-05-20
MP-PROD-2671,  Item 671  ,pharmacy,"70,288",397,789746,M-ID-5217,2026-04-20
MP-PROD-2672,  Item 672  ,provisions,"70,064",357,744611,M-ID-9597,2026-02-23
MP-PROD-2673,  Item 673  ,Apparel,"35,081",251,372544,M-ID-5244,2026-03-27
MP-PROD-2674,  Item 674  ,Drinks,"8,652",10,684652,M-ID-6143,2026-09-25
MP-PROD-2675,  Item 675  ,Groceries,"23,179",43,797931,M-ID-6905,2026-06-17
MP-PROD-2676,  Item 676  ,Provisions,"â‚¦37,958",30,541553,M-ID-9467,2026-09-22
MP-PROD-2677,  Item 677  ,Groceries,"32,301",45,491395,M-ID-6791,2026-08-12
MP-PROD-2678,  Item 678  ,Groceries,"â‚¦59,598",166,134473,M-ID-6905,2026-01-13
MP-PROD-2679,  Item 679  ,Groceries,"55,546",23,594194,M-ID-9931,12/01/2026
MP-PROD-2680,  Item 680  ,Provisions,"41,424",460,543030,M-ID-9931,24/04/2026
MP-PROD-2681,  Item 681  ,Drinks,"â‚¦49,124",427,66911,M-ID-9467,2026-08-20
MP-PROD-2682,  Item 682  ,provisions,"63,514",371,699089,M-ID-5260,2026-08-13
MP-PROD-2683,  Item 683  ,Pharmacy,"30,564",6,367938,M-ID-5260,27/05/2026
MP-PROD-2684,  Item 684  ,PROVISIONS,"50,506",364,121486,M-ID-5204,2026-03-25
MP-PROD-2685,  Item 685  ,electronics,"â‚¦55,136",59,276641,M-ID-9597,2026-04-16
MP-PROD-2686,  Item 686  ,PHARMACY,"53,997",115,489247,M-ID-5839,2026-06-13
MP-PROD-2687,  Item 687  ,Groceries,"7,594",479,674000,M-ID-5217,2026-02-24
MP-PROD-2688,  Item 688  ,Groceries,"67,586",73,533059,M-ID-5912,2026-09-11
MP-PROD-2689,  Item 689  ,PROVISIONS,"58,229",434,623543,M-ID-6905,2026-09-15
MP-PROD-2690,  Item 690  ,Apparel,"24,260",379,864845,M-ID-6828,2026-02-22
MP-PROD-2691,  Item 691  ,Apparel,"43,684",263,934204,M-ID-5244,2026-07-17
MP-PROD-2692,  Item 692  ,Drinks,"53,649",498,369513,M-ID-9837,2026-08-14
MP-PROD-2693,  Item 693  ,electronics,"55,599",313,744018,M-ID-9139,2026-05-27
MP-PROD-2694,  Item 694  ,drinks,"74,059",328,237900,M-ID-5839,N/A
MP-PROD-2695,  Item 695  ,APPAREL,"â‚¦46,758",476,715034,M-ID-6828,2026-03-26
MP-PROD-2696,  Item 696  ,provisions,"43,755",368,131011,M-ID-5260,2026-09-25
MP-PROD-2697,  Item 697  ,Provisions,"â‚¦56,219",350,794197,M-ID-9931,2026-05-23
MP-PROD-2698,  Item 698  ,Pharmacy,"70,015",59,36499,M-ID-5244,2026-03-11
MP-PROD-2699,  Item 699  ,Apparel,"8,919",107,289947,M-ID-6143,2026-05-18
MP-PROD-2700,  Item 700  ,Electronics,"â‚¦9,630",358,832458,M-ID-9837,27/04/2026
MP-PROD-2701,  Item 701  ,PHARMACY,"â‚¦48,513",421,484579,M-ID-7006,17/09/2026
MP-PROD-2702,  Item 702  ,Apparel,"52,472",126,545740,M-ID-9837,2026-01-22
MP-PROD-2703,  Item 703  ,GROCERIES,"56,100",494,836394,M-ID-8456,2026-09-11
MP-PROD-2704,  Item 704  ,Pharmacy,"34,443",108,660706,M-ID-6791,2026-04-21
MP-PROD-2705,  Item 705  ,Provisions,"73,145",383,642697,M-ID-5839,2026-04-19
MP-PROD-2706,  Item 706  ,Groceries,"24,755",354,88086,M-ID-6143,2026-03-26
MP-PROD-2707,  Item 707  ,pharmacy,"50,940",25,459323,M-ID-5712,2026-09-18
MP-PROD-2708,  Item 708  ,electronics,"22,593",304,897110,M-ID-5712,2026-01-20
MP-PROD-2709,  Item 709  ,Groceries,"21,790",25,171169,M-ID-8456,2026-01-19
MP-PROD-2710,  Item 710  ,Groceries,"â‚¦73,610",188,86421,M-ID-8456,2026-09-17
MP-PROD-2711,  Item 711  ,ELECTRONICS,"69,736",39,834451,M-ID-9139,2026-03-23
MP-PROD-2712,  Item 712  ,Provisions,"71,890",211,106411,M-ID-5260,2026-04-16
MP-PROD-2713,  Item 713  ,Apparel,"45,000",174,388323,M-ID-9837,2026-04-26
MP-PROD-2714,  Item 714  ,Groceries,"2,653",63,711432,M-ID-5260,2026-08-17
MP-PROD-2715,  Item 715  ,Apparel,"33,458",495,51814,M-ID-8456,2026-07-13
MP-PROD-2716,  Item 716  ,GROCERIES,"â‚¦35,131",281,769143,M-ID-9837,2026-01-26
MP-PROD-2717,  Item 717  ,Groceries,"68,911",416,543447,M-ID-6791,2026-08-11
MP-PROD-2718,  Item 718  ,Drinks,"26,732",169,548857,M-ID-7253,2026-02-15
MP-PROD-2719,  Item 719  ,provisions,"70,888",8,667386,M-ID-7253,2026-04-16
MP-PROD-2720,  Item 720  ,apparel,"56,901",432,118975,M-ID-5839,2026-09-23
MP-PROD-2721,  Item 721  ,Apparel,"10,952",387,729368,M-ID-6828,2026-01-24
MP-PROD-2722,  Item 722  ,APPAREL,"44,978",24,101772,M-ID-7253,2026-01-15
MP-PROD-2723,  Item 723  ,Drinks,"74,649",41,612891,M-ID-9467,2026-05-23
MP-PROD-2724,  Item 724  ,groceries,"60,629",327,434094,M-ID-5767,10/06/2026
MP-PROD-2725,  Item 725  ,GROCERIES,"17,006",278,16185,M-ID-9597,2026-02-28
MP-PROD-2726,  Item 726  ,Pharmacy,"11,014",188,983128,M-ID-9139,2026-02-19
MP-PROD-2727,  Item 727  ,Apparel,"â‚¦40,998",315,100707,M-ID-9837,2026-08-22
MP-PROD-2728,  Item 728  ,groceries,"â‚¦5,039",247,173917,M-ID-9931,2026-04-14
MP-PROD-2729,  Item 729  ,Apparel,"52,748",412,846223,M-ID-9931,14/05/2026
MP-PROD-2730,  Item 730  ,Drinks,"50,406",495,21691,M-ID-9931,N/A
MP-PROD-2731,  Item 731  ,PHARMACY,"â‚¦6,975",7,610538,M-ID-9597,2026-07-27
MP-PROD-2732,  Item 732  ,Provisions,"12,657",161,230256,M-ID-5260,23/04/2026
MP-PROD-2733,  Item 733  ,Apparel,"68,681",77,178772,M-ID-6143,2026-04-18
MP-PROD-2734,  Item 734  ,Electronics,"16,523",97,713571,M-ID-5217,2026-01-27
MP-PROD-2735,  Item 735  ,Groceries,"â‚¦73,545",42,314771,M-ID-7253,2026-05-13
MP-PROD-2736,  Item 736  ,Electronics,"65,357",492,356922,M-ID-5260,2026-03-17
MP-PROD-2737,  Item 737  ,Pharmacy,"38,873",322,83199,M-ID-5839,2026-06-25
MP-PROD-2738,  Item 738  ,GROCERIES,"44,036",320,701454,M-ID-9837,2026-03-28
MP-PROD-2739,  Item 739  ,Provisions,"49,274",418,341699,M-ID-5767,2026-03-10
MP-PROD-2740,  Item 740  ,Drinks,"33,766",407,242286,M-ID-5767,2026-05-21
MP-PROD-2741,  Item 741  ,electronics,"44,958",454,513268,M-ID-6791,2026-08-21
MP-PROD-2742,  Item 742  ,Drinks,"65,328",287,124119,M-ID-6143,2026-02-18
MP-PROD-2743,  Item 743  ,Electronics,"72,097",105,286021,M-ID-7253,2026-02-10
MP-PROD-2744,  Item 744  ,Provisions,"5,588",421,620156,M-ID-5217,2026-07-28
MP-PROD-2745,  Item 745  ,ELECTRONICS,"6,304",287,283276,M-ID-9931,2026-09-25
MP-PROD-2746,  Item 746  ,apparel,"20,981",192,421564,M-ID-9467,2026-05-14
MP-PROD-2747,  Item 747  ,Groceries,"67,183",266,104952,M-ID-5244,2026-06-26
MP-PROD-2748,  Item 748  ,Pharmacy,"32,810",439,855718,M-ID-9597,2026-03-26
MP-PROD-2749,  Item 749  ,electronics,"59,987",86,197847,M-ID-5217,25/03/2026
MP-PROD-2750,  Item 750  ,drinks,"6,797",117,808461,M-ID-6905,2026-04-12
MP-PROD-2751,  Item 751  ,drinks,"49,922",124,54887,M-ID-5839,2026-09-21
MP-PROD-2752,  Item 752  ,groceries,"63,061",474,486728,M-ID-5204,2026-01-20
MP-PROD-2753,  Item 753  ,PHARMACY,"69,837",329,879948,M-ID-5712,2026-05-28
MP-PROD-2754,  Item 754  ,Provisions,"24,286",197,695428,M-ID-5244,2026-06-28
MP-PROD-2755,  Item 755  ,Apparel,"11,702",269,273807,M-ID-5244,2026-04-26
MP-PROD-2756,  Item 756  ,Provisions,"47,755",423,919869,M-ID-5260,2026-08-25
MP-PROD-2757,  Item 757  ,provisions,"â‚¦2,364",261,934879,M-ID-6828,2026-08-15
MP-PROD-2758,  Item 758  ,ELECTRONICS,"11,604",268,684734,M-ID-5712,2026-04-14
MP-PROD-2759,  Item 759  ,Pharmacy,"22,125",190,641264,M-ID-7006,2026-04-23
MP-PROD-2760,  Item 760  ,DRINKS,"16,355",251,718029,M-ID-6905,2026-08-16
MP-PROD-2761,  Item 761  ,provisions,"22,634",336,883846,M-ID-5767,2026-01-17
MP-PROD-2762,  Item 762  ,PHARMACY,"18,262",298,631121,M-ID-6143,2026-03-26
MP-PROD-2763,  Item 763  ,Pharmacy,"20,749",33,184421,M-ID-5712,2026-03-26
MP-PROD-2764,  Item 764  ,Groceries,"3,940",454,764500,M-ID-9837,2026-02-16
MP-PROD-2765,  Item 765  ,Groceries,"63,289",449,515065,M-ID-6143,2026-04-23
MP-PROD-2766,  Item 766  ,Provisions,"20,205",411,620948,M-ID-6143,2026-09-18
MP-PROD-2767,  Item 767  ,ELECTRONICS,"46,414",477,485497,M-ID-9597,2026-02-17
MP-PROD-2768,  Item 768  ,groceries,"52,023",72,123844,M-ID-5912,2026-04-26
MP-PROD-2769,  Item 769  ,Provisions,"56,523",428,166826,M-ID-9597,2026-02-15
MP-PROD-2770,  Item 770  ,Drinks,"6,616",454,831945,M-ID-9931,2026-09-13
MP-PROD-2771,  Item 771  ,PHARMACY,"64,708",342,146659,M-ID-9597,2026-09-10
MP-PROD-2772,  Item 772  ,APPAREL,"58,057",272,451119,M-ID-5260,2026-01-26
MP-PROD-2773,  Item 773  ,groceries,"â‚¦31,579",485,851272,M-ID-6905,2026-07-21
MP-PROD-2774,  Item 774  ,provisions,"14,307",222,150386,M-ID-5712,2026-08-17
MP-PROD-2775,  Item 775  ,Pharmacy,"â‚¦38,628",311,929356,M-ID-9931,2026-07-18
MP-PROD-2776,  Item 776  ,Electronics,"2,216",368,789769,M-ID-5912,13/09/2026
MP-PROD-2777,  Item 777  ,Provisions,"2,442",197,696341,M-ID-5839,2026-06-23
MP-PROD-2778,  Item 778  ,Drinks,"15,470",84,456768,M-ID-5217,2026-05-18
MP-PROD-2779,  Item 779  ,Provisions,"57,017",294,393405,M-ID-9597,2026-05-22
MP-PROD-2780,  Item 780  ,Electronics,"55,662",287,831861,M-ID-9931,2026-08-15
MP-PROD-2781,  Item 781  ,DRINKS,"74,781",289,517259,M-ID-5712,2026-05-28
MP-PROD-2782,  Item 782  ,drinks,"53,683",381,154775,M-ID-7006,2026-04-24
MP-PROD-2783,  Item 783  ,apparel,"22,706",56,234875,M-ID-9139,2026-07-20
MP-PROD-2784,  Item 784  ,provisions,"â‚¦8,322",87,418004,M-ID-5912,2026-02-14
MP-PROD-2785,  Item 785  ,Groceries,"58,565",50,77193,M-ID-5712,2026-04-21
MP-PROD-2786,  Item 786  ,Pharmacy,"â‚¦6,448",375,412995,M-ID-5244,N/A
MP-PROD-2787,  Item 787  ,Apparel,"9,031",489,821187,M-ID-6143,2026-08-24
MP-PROD-2788,  Item 788  ,Electronics,"27,938",440,698793,M-ID-9139,2026-05-16
MP-PROD-2789,  Item 789  ,Pharmacy,"â‚¦68,418",269,742377,M-ID-9467,2026-03-11
MP-PROD-2790,  Item 790  ,drinks,"32,859",340,10301,M-ID-6143,2026-02-18
MP-PROD-2791,  Item 791  ,Groceries,"47,785",347,424337,M-ID-5244,26/04/2026
MP-PROD-2792,  Item 792  ,PHARMACY,"10,493",475,104545,M-ID-9931,2026-05-27
MP-PROD-2793,  Item 793  ,provisions,"47,125",182,865129,M-ID-5712,2026-04-16
MP-PROD-2794,  Item 794  ,groceries,"54,447",299,14877,M-ID-5712,2026-03-23
MP-PROD-2795,  Item 795  ,Provisions,"15,454",291,85902,M-ID-9139,2026-05-20
MP-PROD-2796,  Item 796  ,Pharmacy,"68,777",494,280211,M-ID-9931,2026-05-24
MP-PROD-2797,  Item 797  ,Groceries,"64,890",399,265090,M-ID-8456,2026-08-24
MP-PROD-2798,  Item 798  ,Provisions,"5,084",251,131916,M-ID-5712,2026-02-22
MP-PROD-2799,  Item 799  ,apparel,"30,385",351,745236,M-ID-9467,2026-06-23
MP-PROD-2800,  Item 800  ,drinks,"69,199",279,20195,M-ID-5712,2026-04-19
MP-PROD-2801,  Item 801  ,Provisions,"53,788",349,795161,M-ID-8456,2026-02-27
MP-PROD-2802,  Item 802  ,Electronics,"63,963",165,380711,M-ID-5839,2026-05-15
MP-PROD-2803,  Item 803  ,Apparel,"â‚¦26,425",260,782918,M-ID-5839,2026-04-17
MP-PROD-2804,  Item 804  ,Drinks,"28,602",122,222616,M-ID-9467,2026-06-14
MP-PROD-2805,  Item 805  ,Pharmacy,"17,212",476,92300,M-ID-6905,27/01/2026
MP-PROD-2806,  Item 806  ,Pharmacy,"â‚¦64,714",195,660817,M-ID-8456,2026-08-28
MP-PROD-2807,  Item 807  ,Drinks,"â‚¦65,830",98,811387,M-ID-9139,2026-05-22
MP-PROD-2808,  Item 808  ,Electronics,"18,309",32,561273,M-ID-5767,2026-08-27
MP-PROD-2809,  Item 809  ,Pharmacy,"67,360",182,422842,M-ID-6143,2026-08-13
MP-PROD-2810,  Item 810  ,Apparel,"69,422",240,340984,M-ID-5912,2026-01-16
MP-PROD-2811,  Item 811  ,GROCERIES,"â‚¦14,705",171,389167,M-ID-9597,2026-05-15
MP-PROD-2812,  Item 812  ,Provisions,"35,952",126,292495,M-ID-6905,2026-06-21
MP-PROD-2813,  Item 813  ,Electronics,"â‚¦66,874",222,230759,M-ID-5767,2026-06-21
MP-PROD-2814,  Item 814  ,Groceries,"38,151",235,198627,M-ID-5217,2026-03-28
MP-PROD-2815,  Item 815  ,APPAREL,"â‚¦31,458",421,114721,M-ID-5712,2026-04-27
MP-PROD-2816,  Item 816  ,GROCERIES,"51,423",105,162928,M-ID-6828,10/08/2026
MP-PROD-2817,  Item 817  ,Electronics,"56,749",260,151003,M-ID-9139,2026-09-20
MP-PROD-2818,  Item 818  ,Pharmacy,"40,826",133,599444,M-ID-5217,2026-01-22
MP-PROD-2819,  Item 819  ,Pharmacy,"22,909",35,235933,M-ID-5712,2026-08-13
MP-PROD-2820,  Item 820  ,Groceries,"45,364",138,388496,M-ID-5260,2026-09-27
MP-PROD-2821,  Item 821  ,Drinks,"46,607",15,441762,M-ID-7006,2026-06-16
MP-PROD-2822,  Item 822  ,provisions,"72,074",94,828213,M-ID-9837,2026-06-20
MP-PROD-2823,  Item 823  ,Apparel,"68,404",254,822378,M-ID-6791,2026-02-22
MP-PROD-2824,  Item 824  ,Provisions,"39,055",242,672398,M-ID-6828,2026-03-20
MP-PROD-2825,  Item 825  ,Groceries,"54,554",439,961135,M-ID-7253,2026-02-15
MP-PROD-2826,  Item 826  ,Drinks,"31,412",165,342270,M-ID-9837,2026-05-22
MP-PROD-2827,  Item 827  ,Electronics,"59,813",404,914718,M-ID-5260,2026-09-24
MP-PROD-2828,  Item 828  ,Groceries,"23,430",99,905706,M-ID-5912,2026-03-17
MP-PROD-2829,  Item 829  ,Apparel,"â‚¦34,483",486,790009,M-ID-7253,2026-04-15
MP-PROD-2830,  Item 830  ,GROCERIES,"15,001",53,76891,M-ID-6905,2026-09-11
MP-PROD-2831,  Item 831  ,pharmacy,"53,537",273,812156,M-ID-7253,2026-02-18
MP-PROD-2832,  Item 832  ,PROVISIONS,"21,852",48,696641,M-ID-5244,2026-05-17
MP-PROD-2833,  Item 833  ,Electronics,"â‚¦38,747",231,666912,M-ID-6828,2026-03-26
MP-PROD-2834,  Item 834  ,Electronics,"5,244",22,705781,M-ID-5260,2026-06-25
MP-PROD-2835,  Item 835  ,groceries,"72,355",483,295647,M-ID-9931,14/08/2026
MP-PROD-2836,  Item 836  ,apparel,"â‚¦72,185",95,629531,M-ID-9597,28/08/2026
MP-PROD-2837,  Item 837  ,Groceries,"â‚¦70,110",332,680593,M-ID-9931,2026-05-21
MP-PROD-2838,  Item 838  ,groceries,"72,235",121,853797,M-ID-7253,2026-08-19
MP-PROD-2839,  Item 839  ,Drinks,"â‚¦55,528",138,173281,M-ID-9837,10/01/2026
MP-PROD-2840,  Item 840  ,provisions,"20,865",181,310692,M-ID-6905,2026-09-10
MP-PROD-2841,  Item 841  ,Groceries,"â‚¦65,978",489,802170,M-ID-6905,2026-05-10
MP-PROD-2842,  Item 842  ,groceries,"39,893",310,252446,M-ID-5912,2026-09-21
MP-PROD-2843,  Item 843  ,Electronics,"55,467",456,597783,M-ID-5767,2026-07-17
MP-PROD-2844,  Item 844  ,electronics,"52,581",429,406737,M-ID-9467,2026-05-12
MP-PROD-2845,  Item 845  ,Groceries,"32,899",269,811676,M-ID-9597,2026-05-19
MP-PROD-2846,  Item 846  ,Apparel,"71,222",419,291880,M-ID-5767,2026-04-12
MP-PROD-2847,  Item 847  ,electronics,"19,407",153,125717,M-ID-6791,N/A
MP-PROD-2848,  Item 848  ,Apparel,"65,986",101,346219,M-ID-5912,2026-03-11
MP-PROD-2849,  Item 849  ,provisions,"4,400",100,117241,M-ID-9837,2026-05-14
MP-PROD-2850,  Item 850  ,Apparel,"58,964",377,18602,M-ID-9467,2026-02-14
MP-PROD-2851,  Item 851  ,Pharmacy,"66,194",116,368521,M-ID-5767,2026-05-25
MP-PROD-2852,  Item 852  ,Drinks,"62,276",361,839868,M-ID-5204,2026-06-12
MP-PROD-2853,  Item 853  ,Electronics,"8,845",141,823331,M-ID-5244,2026-02-27
MP-PROD-2854,  Item 854  ,groceries,"25,303",103,949208,M-ID-5712,2026-07-10
MP-PROD-2855,  Item 855  ,pharmacy,"34,131",202,818688,M-ID-6791,2026-04-11
MP-PROD-2856,  Item 856  ,Electronics,"â‚¦61,902",381,818447,M-ID-7006,2026-09-16
MP-PROD-2857,  Item 857  ,Drinks,"52,503",353,337270,M-ID-8456,11/03/2026
MP-PROD-2858,  Item 858  ,Apparel,"73,534",271,138074,M-ID-5712,2026-08-19
MP-PROD-2859,  Item 859  ,electronics,"48,741",459,64617,M-ID-5839,2026-02-17
MP-PROD-2860,  Item 860  ,apparel,"57,906",171,25799,M-ID-6143,2026-05-28
MP-PROD-2861,  Item 861  ,Pharmacy,"53,379",409,264897,M-ID-5912,2026-01-28
MP-PROD-2862,  Item 862  ,APPAREL,"63,794",357,635173,M-ID-6828,2026-06-12
MP-PROD-2863,  Item 863  ,Electronics,"23,669",260,105841,M-ID-9597,2026-06-11
MP-PROD-2864,  Item 864  ,Pharmacy,"48,098",335,171395,M-ID-9931,2026-02-14
MP-PROD-2865,  Item 865  ,groceries,"31,997",167,595472,M-ID-5260,2026-08-16
MP-PROD-2866,  Item 866  ,Pharmacy,"â‚¦51,014",188,769587,M-ID-6828,2026-05-11
MP-PROD-2867,  Item 867  ,groceries,"58,644",291,319030,M-ID-9931,2026-08-16
MP-PROD-2868,  Item 868  ,Provisions,"25,961",283,374552,M-ID-8456,18/08/2026
MP-PROD-2869,  Item 869  ,Provisions,"74,182",87,82222,M-ID-9139,2026-03-24
MP-PROD-2870,  Item 870  ,Drinks,"36,017",282,394945,M-ID-6791,2026-01-26
MP-PROD-2871,  Item 871  ,Groceries,"25,818",457,29629,M-ID-9597,2026-06-17
MP-PROD-2872,  Item 872  ,drinks,"9,602",342,575136,M-ID-5244,2026-04-26
MP-PROD-2873,  Item 873  ,Apparel,"66,714",397,588255,M-ID-6828,2026-05-20
MP-PROD-2874,  Item 874  ,Groceries,"43,708",61,110932,M-ID-9139,2026-02-11
MP-PROD-2875,  Item 875  ,electronics,"24,914",452,42792,M-ID-5839,2026-02-25
MP-PROD-2876,  Item 876  ,Electronics,"14,443",21,608749,M-ID-5244,2026-08-26
MP-PROD-2877,  Item 877  ,Provisions,"35,046",30,394150,M-ID-9467,2026-02-10
MP-PROD-2878,  Item 878  ,Drinks,"65,909",480,942988,M-ID-7253,2026-08-11
MP-PROD-2879,  Item 879  ,Drinks,"74,640",385,993819,M-ID-5767,2026-06-11
MP-PROD-2880,  Item 880  ,Provisions,"36,340",275,52627,M-ID-7253,N/A
MP-PROD-2881,  Item 881  ,Electronics,"â‚¦69,089",54,116142,M-ID-9467,2026-09-22
MP-PROD-2882,  Item 882  ,Provisions,"â‚¦26,812",274,698784,M-ID-9467,2026-03-27
MP-PROD-2883,  Item 883  ,apparel,"74,656",217,792351,M-ID-7006,2026-06-24
MP-PROD-2884,  Item 884  ,apparel,"57,477",457,119159,M-ID-6143,2026-03-27
MP-PROD-2885,  Item 885  ,groceries,"67,651",177,699472,M-ID-6143,2026-09-24
MP-PROD-2886,  Item 886  ,Drinks,"42,607",286,350424,M-ID-5260,23/07/2026
MP-PROD-2887,  Item 887  ,apparel,"43,895",316,262415,M-ID-5217,16/09/2026
MP-PROD-2888,  Item 888  ,Groceries,"73,620",479,790746,M-ID-5712,2026-06-24
MP-PROD-2889,  Item 889  ,groceries,"53,547",5,771594,M-ID-5204,2026-05-10
MP-PROD-2890,  Item 890  ,provisions,"19,205",460,326503,M-ID-5912,2026-05-17
MP-PROD-2891,  Item 891  ,Electronics,"42,775",16,819000,M-ID-5712,2026-09-26
MP-PROD-2892,  Item 892  ,Provisions,"21,778",53,49569,M-ID-6791,2026-06-14
MP-PROD-2893,  Item 893  ,electronics,"36,032",192,942839,M-ID-5217,2026-04-17
MP-PROD-2894,  Item 894  ,Drinks,"40,861",52,608199,M-ID-5244,2026-04-12
MP-PROD-2895,  Item 895  ,Apparel,"44,058",410,515972,M-ID-6143,2026-08-28
MP-PROD-2896,  Item 896  ,Pharmacy,"40,873",24,776288,M-ID-5217,12/07/2026
MP-PROD-2897,  Item 897  ,Pharmacy,"45,329",183,932529,M-ID-5767,13/07/2026
MP-PROD-2898,  Item 898  ,Electronics,"2,998",329,825182,M-ID-5244,2026-01-19
MP-PROD-2899,  Item 899  ,PROVISIONS,"6,897",168,576157,M-ID-5217,20/03/2026
MP-PROD-2900,  Item 900  ,Provisions,"30,440",83,62973,M-ID-5244,2026-08-28
MP-PROD-2901,  Item 901  ,Provisions,"13,307",118,462917,M-ID-9837,2026-07-14
MP-PROD-2902,  Item 902  ,Electronics,"45,562",47,508969,M-ID-5217,2026-01-27
MP-PROD-2903,  Item 903  ,Groceries,"â‚¦35,913",48,427885,M-ID-9139,14/07/2026
MP-PROD-2904,  Item 904  ,Electronics,"â‚¦64,535",291,217731,M-ID-6905,2026-07-28
MP-PROD-2905,  Item 905  ,Electronics,"70,214",131,264085,M-ID-7253,2026-05-23
MP-PROD-2906,  Item 906  ,DRINKS,"14,743",62,714378,M-ID-5767,2026-07-21
MP-PROD-2907,  Item 907  ,DRINKS,"26,467",169,371260,M-ID-9597,2026-01-19
MP-PROD-2908,  Item 908  ,Electronics,"47,338",320,871493,M-ID-6791,2026-03-24
MP-PROD-2909,  Item 909  ,PHARMACY,"32,103",107,728651,M-ID-5260,2026-03-12
MP-PROD-2910,  Item 910  ,Pharmacy,"8,648",129,661168,M-ID-6828,2026-05-10
MP-PROD-2911,  Item 911  ,drinks,"16,085",161,481923,M-ID-6905,2026-01-20
MP-PROD-2912,  Item 912  ,Electronics,"72,017",113,223701,M-ID-9931,2026-09-18
MP-PROD-2913,  Item 913  ,PROVISIONS,"64,811",323,775380,M-ID-6828,2026-01-22
MP-PROD-2914,  Item 914  ,provisions,"70,548",27,277865,M-ID-6143,N/A
MP-PROD-2915,  Item 915  ,Electronics,"37,057",32,497546,M-ID-5912,2026-02-22
MP-PROD-2916,  Item 916  ,Apparel,"37,061",344,903473,M-ID-5260,2026-02-10
MP-PROD-2917,  Item 917  ,Drinks,"â‚¦52,162",123,409194,M-ID-9139,2026-02-20
MP-PROD-2918,  Item 918  ,groceries,"71,172",50,205472,M-ID-5839,2026-09-24
MP-PROD-2919,  Item 919  ,provisions,"4,316",25,269409,M-ID-9139,2026-05-20
MP-PROD-2920,  Item 920  ,Groceries,"53,063",386,174631,M-ID-5912,2026-06-21
MP-PROD-2921,  Item 921  ,DRINKS,"41,126",125,535600,M-ID-5712,2026-01-18
MP-PROD-2922,  Item 922  ,GROCERIES,"â‚¦6,862",488,591896,M-ID-5712,2026-04-14
MP-PROD-2923,  Item 923  ,Drinks,"52,991",341,153928,M-ID-7253,2026-07-26
MP-PROD-2924,  Item 924  ,Apparel,"31,309",218,262036,M-ID-5217,2026-03-23
MP-PROD-2925,  Item 925  ,Drinks,"44,660",234,578573,M-ID-6828,2026-04-14
MP-PROD-2926,  Item 926  ,Provisions,"â‚¦72,456",355,848970,M-ID-5839,2026-03-19
MP-PROD-2927,  Item 927  ,Apparel,"â‚¦70,156",470,151822,M-ID-5767,2026-03-28
MP-PROD-2928,  Item 928  ,Electronics,"43,114",39,594413,M-ID-9931,2026-02-15
MP-PROD-2929,  Item 929  ,Drinks,"20,573",377,40915,M-ID-8456,2026-07-23
MP-PROD-2930,  Item 930  ,Drinks,"59,565",386,989127,M-ID-5712,2026-03-16
MP-PROD-2931,  Item 931  ,Drinks,"18,741",99,37470,M-ID-9597,2026-05-28
MP-PROD-2932,  Item 932  ,Provisions,"31,766",310,253461,M-ID-9467,2026-01-21
MP-PROD-2933,  Item 933  ,Pharmacy,"63,969",73,536725,M-ID-9597,2026-08-21
MP-PROD-2934,  Item 934  ,Electronics,"â‚¦52,285",256,506864,M-ID-6828,2026-03-16
MP-PROD-2935,  Item 935  ,ELECTRONICS,"5,724",214,811677,M-ID-5912,2026-05-23
MP-PROD-2936,  Item 936  ,Electronics,"28,085",392,224498,M-ID-7253,2026-03-24
MP-PROD-2937,  Item 937  ,provisions,"65,717",357,350677,M-ID-6791,2026-04-23
MP-PROD-2938,  Item 938  ,groceries,"6,982",316,781051,M-ID-5244,2026-06-22
MP-PROD-2939,  Item 939  ,Provisions,"â‚¦71,775",273,682550,M-ID-5204,2026-09-13
MP-PROD-2940,  Item 940  ,Groceries,"61,386",428,930405,M-ID-5204,2026-04-26
MP-PROD-2941,  Item 941  ,Provisions,"53,353",381,51158,M-ID-9931,2026-07-26
MP-PROD-2942,  Item 942  ,Apparel,"7,961",102,315323,M-ID-6791,2026-07-19
MP-PROD-2943,  Item 943  ,Drinks,"61,969",90,452983,M-ID-9837,2026-01-26
MP-PROD-2944,  Item 944  ,Electronics,"62,262",429,687486,M-ID-6791,2026-02-26
MP-PROD-2945,  Item 945  ,Pharmacy,"25,062",403,623886,M-ID-9931,22/03/2026
MP-PROD-2946,  Item 946  ,Groceries,"45,396",235,36122,M-ID-6143,2026-08-28
MP-PROD-2947,  Item 947  ,apparel,"27,967",456,486769,M-ID-7253,2026-05-20
MP-PROD-2948,  Item 948  ,apparel,"â‚¦22,995",372,778881,M-ID-7006,2026-02-13
MP-PROD-2949,  Item 949  ,APPAREL,"60,403",329,390573,M-ID-7253,2026-09-22
MP-PROD-2950,  Item 950  ,Apparel,"68,565",318,177666,M-ID-5244,2026-09-22
MP-PROD-2951,  Item 951  ,pharmacy,"23,898",472,361475,M-ID-5217,2026-03-15
MP-PROD-2952,  Item 952  ,Electronics,"24,944",398,756635,M-ID-5204,2026-07-19
MP-PROD-2953,  Item 953  ,Drinks,"â‚¦59,991",152,666883,M-ID-6143,2026-02-14
MP-PROD-2954,  Item 954  ,Electronics,"1,963",323,812575,M-ID-5712,2026-01-24
MP-PROD-2955,  Item 955  ,Groceries,"66,858",283,856677,M-ID-5912,2026-08-17
MP-PROD-2956,  Item 956  ,Groceries,"63,852",237,440074,M-ID-6791,2026-02-10
MP-PROD-2957,  Item 957  ,electronics,"73,241",147,659871,M-ID-9931,2026-04-11
MP-PROD-2958,  Item 958  ,ELECTRONICS,"20,932",33,695010,M-ID-5260,2026-01-14
MP-PROD-2959,  Item 959  ,pharmacy,"40,617",174,975093,M-ID-7253,13/01/2026
MP-PROD-2960,  Item 960  ,Groceries,"24,863",87,714737,M-ID-9837,15/09/2026
MP-PROD-2961,  Item 961  ,Groceries,"48,710",481,47581,M-ID-7253,2026-05-20
MP-PROD-2962,  Item 962  ,DRINKS,"51,168",424,80953,M-ID-5767,2026-09-12
MP-PROD-2963,  Item 963  ,DRINKS,"63,210",73,137950,M-ID-5712,2026-06-26
MP-PROD-2964,  Item 964  ,Groceries,"â‚¦70,266",112,739630,M-ID-5839,N/A
MP-PROD-2965,  Item 965  ,Provisions,"70,830",49,517157,M-ID-9597,2026-05-23
MP-PROD-2966,  Item 966  ,PROVISIONS,"42,982",137,560912,M-ID-5217,2026-06-14
MP-PROD-2967,  Item 967  ,Provisions,"66,563",271,774605,M-ID-6905,2026-08-15
MP-PROD-2968,  Item 968  ,Provisions,"32,003",367,314598,M-ID-5839,2026-01-13
MP-PROD-2969,  Item 969  ,Pharmacy,"62,433",325,845434,M-ID-7006,2026-04-23
MP-PROD-2970,  Item 970  ,Groceries,"â‚¦7,462",175,376634,M-ID-9931,2026-04-10
MP-PROD-2971,  Item 971  ,Apparel,"27,870",358,305307,M-ID-5712,2026-02-19
MP-PROD-2972,  Item 972  ,Drinks,"67,912",286,349658,M-ID-5912,2026-02-20
MP-PROD-2973,  Item 973  ,Drinks,"53,410",375,606557,M-ID-9597,2026-01-15
MP-PROD-2974,  Item 974  ,Electronics,"44,821",431,364352,M-ID-6905,2026-08-11
MP-PROD-2975,  Item 975  ,Apparel,"19,293",251,172934,M-ID-6791,N/A
MP-PROD-2976,  Item 976  ,Groceries,"55,757",480,788656,M-ID-5204,2026-09-19
MP-PROD-2977,  Item 977  ,Provisions,"42,853",289,571916,M-ID-5912,2026-04-28
MP-PROD-2978,  Item 978  ,Apparel,"44,979",414,970691,M-ID-5260,14/02/2026
MP-PROD-2979,  Item 979  ,Drinks,"5,585",178,403468,M-ID-9931,2026-03-28
MP-PROD-2980,  Item 980  ,Provisions,"52,561",100,634103,M-ID-7006,20/05/2026
MP-PROD-2981,  Item 981  ,Apparel,"5,645",144,443973,M-ID-7253,17/08/2026
MP-PROD-2982,  Item 982  ,Drinks,"60,732",429,327329,M-ID-5839,2026-09-19
MP-PROD-2983,  Item 983  ,ELECTRONICS,"16,210",196,833073,M-ID-5204,12/04/2026
MP-PROD-2984,  Item 984  ,GROCERIES,"67,821",17,847838,M-ID-6905,N/A
MP-PROD-2985,  Item 985  ,Electronics,"46,079",477,516957,M-ID-9139,2026-05-20
MP-PROD-2986,  Item 986  ,electronics,"14,378",425,993589,M-ID-9139,2026-03-16
MP-PROD-2987,  Item 987  ,APPAREL,"6,291",240,416415,M-ID-9139,10/02/2026
MP-PROD-2988,  Item 988  ,Drinks,"â‚¦7,271",356,899322,M-ID-9597,2026-02-20
MP-PROD-2989,  Item 989  ,groceries,"7,547",57,555865,M-ID-9837,2026-01-28
MP-PROD-2990,  Item 990  ,Pharmacy,"29,004",169,220297,M-ID-5839,2026-05-18
MP-PROD-2991,  Item 991  ,PROVISIONS,"44,331",400,472543,M-ID-7006,2026-05-14
MP-PROD-2992,  Item 992  ,electronics,"37,366",63,25997,M-ID-9597,26/09/2026
MP-PROD-2993,  Item 993  ,Pharmacy,"28,576",282,377335,M-ID-9931,2026-06-18
MP-PROD-2994,  Item 994  ,Electronics,"38,628",298,266717,M-ID-6143,19/02/2026
MP-PROD-2995,  Item 995  ,Provisions,"45,899",281,475198,M-ID-5204,2026-03-10
MP-PROD-2996,  Item 996  ,Groceries,"8,113",59,412233,M-ID-5204,2026-02-23
MP-PROD-2997,  Item 997  ,groceries,"24,959",365,635078,M-ID-5217,2026-08-21
MP-PROD-2998,  Item 998  ,DRINKS,"45,059",423,217772,M-ID-9931,2026-02-24
MP-PROD-2999,  Item 999  ,Provisions,"18,774",52,862336,M-ID-6791,2026-02-24
